tp,fp,fn,precision,recall,f1,n_event_windows,n_caught,event_recall,false_alarm_runs,latency_reports,latency_ms,duty_cycle,bandwidth_reduction,n_reports,has_events,rid,ch,method,kappa_h,gap
0,0,5,0.0,0.0,0.0,1,0,0.0,0,,,0.0,inf,234,True,45,Voltage.Va,"v1-fixed (TH=1e7, TL=300)",,
0,0,3,0.0,0.0,0.0,1,0,0.0,0,,,0.0,inf,234,True,45,Voltage.Vb,"v1-fixed (TH=1e7, TL=300)",,
0,0,5,0.0,0.0,0.0,1,0,0.0,0,,,0.0,inf,234,True,45,Voltage.Vc,"v1-fixed (TH=1e7, TL=300)",,
0,0,5,0.0,0.0,0.0,1,0,0.0,0,,,0.0,inf,234,True,45,Current.Ia,"v1-fixed (TH=1e7, TL=300)",,
0,0,5,0.0,0.0,0.0,1,0,0.0,0,,,0.0,inf,234,True,45,Current.Ib,"v1-fixed (TH=1e7, TL=300)",,
0,0,6,0.0,0.0,0.0,1,0,0.0,0,,,0.0,inf,234,True,45,Current.Ic,"v1-fixed (TH=1e7, TL=300)",,
1,0,155,1.0,0.00641025641025641,0.012738853503184714,2,1,0.5,0,9.0,75.0,0.004273504273504274,233.99999999999997,234,True,55,Voltage.Va,"v1-fixed (TH=1e7, TL=300)",,
2,0,70,1.0,0.027777777777777776,0.05405405405405406,2,1,0.5,0,4.0,33.333333333333336,0.008547008547008548,116.99999999999999,234,True,55,Voltage.Vb,"v1-fixed (TH=1e7, TL=300)",,
1,0,45,1.0,0.021739130434782608,0.042553191489361694,3,1,0.3333333333333333,0,0.0,0.0,0.004273504273504274,233.99999999999997,234,True,55,Voltage.Vc,"v1-fixed (TH=1e7, TL=300)",,
0,0,147,0.0,0.0,0.0,2,0,0.0,0,,,0.0,inf,232,True,55,Current.Ia,"v1-fixed (TH=1e7, TL=300)",,
0,0,176,0.0,0.0,0.0,2,0,0.0,0,,,0.0,inf,233,True,55,Current.Ib,"v1-fixed (TH=1e7, TL=300)",,
0,0,70,0.0,0.0,0.0,2,0,0.0,0,,,0.0,inf,212,True,55,Current.Ic,"v1-fixed (TH=1e7, TL=300)",,
2,3,1,0.4,0.6666666666666666,0.5,1,1,1.0,2,0.0,0.0,0.002612330198537095,382.8,1914,True,677,Voltage.Va,"v1-fixed (TH=1e7, TL=300)",,
0,22,0,0.0,0.0,0.0,0,0,,7,,,0.011494252873563218,87.0,1914,False,677,Voltage.Vb,"v1-fixed (TH=1e7, TL=300)",,
0,18,0,0.0,0.0,0.0,0,0,,1,,,0.009404388714733543,106.33333333333333,1914,False,677,Voltage.Vc,"v1-fixed (TH=1e7, TL=300)",,
0,0,55,0.0,0.0,0.0,5,0,0.0,0,,,0.0,inf,1686,True,677,Current.Ia,"v1-fixed (TH=1e7, TL=300)",,
0,0,56,0.0,0.0,0.0,4,0,0.0,0,,,0.0,inf,1659,True,677,Current.Ib,"v1-fixed (TH=1e7, TL=300)",,
0,0,36,0.0,0.0,0.0,1,0,0.0,0,,,0.0,inf,1649,True,677,Current.Ic,"v1-fixed (TH=1e7, TL=300)",,
0,0,0,0.0,0.0,0.0,0,0,,0,,,0.0,inf,1434,False,901,Voltage.Va,"v1-fixed (TH=1e7, TL=300)",,
0,0,0,0.0,0.0,0.0,0,0,,0,,,0.0,inf,1434,False,901,Voltage.Vb,"v1-fixed (TH=1e7, TL=300)",,
0,0,0,0.0,0.0,0.0,0,0,,0,,,0.0,inf,1434,False,901,Voltage.Vc,"v1-fixed (TH=1e7, TL=300)",,
0,0,26,0.0,0.0,0.0,3,0,0.0,0,,,0.0,inf,1434,True,901,Current.Ia,"v1-fixed (TH=1e7, TL=300)",,
0,0,0,0.0,0.0,0.0,0,0,,0,,,0.0,inf,1434,False,901,Current.Ib,"v1-fixed (TH=1e7, TL=300)",,
0,0,0,0.0,0.0,0.0,0,0,,0,,,0.0,inf,1434,False,901,Current.Ic,"v1-fixed (TH=1e7, TL=300)",,
0,0,0,0.0,0.0,0.0,0,0,,0,,,0.0,inf,1194,False,907,Voltage.Va,"v1-fixed (TH=1e7, TL=300)",,
3,0,2,1.0,0.6,0.7499999999999999,1,1,1.0,0,0.0,0.0,0.002512562814070352,398.0,1194,True,907,Voltage.Vb,"v1-fixed (TH=1e7, TL=300)",,
4,0,1,1.0,0.8,0.888888888888889,1,1,1.0,0,0.0,0.0,0.0033500837520938024,298.5,1194,True,907,Voltage.Vc,"v1-fixed (TH=1e7, TL=300)",,
0,0,0,0.0,0.0,0.0,0,0,,0,,,0.0,inf,1194,False,907,Current.Ia,"v1-fixed (TH=1e7, TL=300)",,
0,0,6,0.0,0.0,0.0,1,0,0.0,0,,,0.0,inf,1194,True,907,Current.Ib,"v1-fixed (TH=1e7, TL=300)",,
0,0,6,0.0,0.0,0.0,1,0,0.0,0,,,0.0,inf,1194,True,907,Current.Ic,"v1-fixed (TH=1e7, TL=300)",,
0,0,0,0.0,0.0,0.0,0,0,,0,,,0.0,inf,23,False,971,Voltage.Va,"v1-fixed (TH=1e7, TL=300)",,
0,0,0,0.0,0.0,0.0,0,0,,0,,,0.0,inf,23,False,971,Voltage.Vb,"v1-fixed (TH=1e7, TL=300)",,
0,0,0,0.0,0.0,0.0,0,0,,0,,,0.0,inf,23,False,971,Voltage.Vc,"v1-fixed (TH=1e7, TL=300)",,
0,0,4,0.0,0.0,0.0,1,0,0.0,0,,,0.0,inf,23,True,971,Current.Ia,"v1-fixed (TH=1e7, TL=300)",,
0,0,3,0.0,0.0,0.0,1,0,0.0,0,,,0.0,inf,22,True,971,Current.Ib,"v1-fixed (TH=1e7, TL=300)",,
0,0,4,0.0,0.0,0.0,1,0,0.0,0,,,0.0,inf,23,True,971,Current.Ic,"v1-fixed (TH=1e7, TL=300)",,
0,0,5,0.0,0.0,0.0,1,0,0.0,0,,,0.0,inf,234,True,45,Voltage.Va,empirical-Q (causal),,
0,0,3,0.0,0.0,0.0,1,0,0.0,0,,,0.0,inf,234,True,45,Voltage.Vb,empirical-Q (causal),,
0,0,5,0.0,0.0,0.0,1,0,0.0,0,,,0.0,inf,234,True,45,Voltage.Vc,empirical-Q (causal),,
0,0,5,0.0,0.0,0.0,1,0,0.0,0,,,0.0,inf,234,True,45,Current.Ia,empirical-Q (causal),,
0,0,5,0.0,0.0,0.0,1,0,0.0,0,,,0.0,inf,234,True,45,Current.Ib,empirical-Q (causal),,
0,0,6,0.0,0.0,0.0,1,0,0.0,0,,,0.0,inf,234,True,45,Current.Ic,empirical-Q (causal),,
18,0,138,1.0,0.11538461538461539,0.20689655172413793,2,1,0.5,0,2.0,16.666666666666668,0.07692307692307693,13.0,234,True,55,Voltage.Va,empirical-Q (causal),,
54,0,18,1.0,0.75,0.8571428571428571,2,2,1.0,0,1.5,12.5,0.23076923076923078,4.333333333333333,234,True,55,Voltage.Vb,empirical-Q (causal),,
9,0,37,1.0,0.1956521739130435,0.32727272727272727,3,1,0.3333333333333333,0,0.0,0.0,0.038461538461538464,26.0,234,True,55,Voltage.Vc,empirical-Q (causal),,
20,0,127,1.0,0.1360544217687075,0.23952095808383236,2,1,0.5,0,0.0,0.0,0.08620689655172414,11.6,232,True,55,Current.Ia,empirical-Q (causal),,
34,0,142,1.0,0.19318181818181818,0.3238095238095238,2,2,1.0,0,1.5,12.5,0.1459227467811159,6.852941176470588,233,True,55,Current.Ib,empirical-Q (causal),,
65,38,5,0.6310679611650486,0.9285714285714286,0.7514450867052024,2,2,1.0,0,2.0,16.666666666666668,0.4858490566037736,2.058252427184466,212,True,55,Current.Ic,empirical-Q (causal),,
3,34,0,0.08108108108108109,1.0,0.15,1,1,1.0,3,0.0,0.0,0.019331243469174503,51.72972972972973,1914,True,677,Voltage.Va,empirical-Q (causal),,
0,1677,0,0.0,0.0,0.0,0,0,,2,,,0.8761755485893417,1.1413237924865833,1914,False,677,Voltage.Vb,empirical-Q (causal),,
0,214,0,0.0,0.0,0.0,0,0,,1,,,0.11180773249738767,8.94392523364486,1914,False,677,Voltage.Vc,empirical-Q (causal),,
55,1362,0,0.03881439661256175,1.0,0.07472826086956522,5,5,1.0,0,0.0,0.0,0.8404507710557533,1.1898376852505292,1686,True,677,Current.Ia,empirical-Q (causal),,
55,1288,1,0.04095309009679821,0.9821428571428571,0.07862759113652609,4,4,1.0,0,0.25,2.0833333333333335,0.8095238095238095,1.2352941176470589,1659,True,677,Current.Ib,empirical-Q (causal),,
36,44,0,0.45,1.0,0.6206896551724138,1,1,1.0,1,0.0,0.0,0.04851425106124924,20.6125,1649,True,677,Current.Ic,empirical-Q (causal),,
0,0,0,0.0,0.0,0.0,0,0,,0,,,0.0,inf,1434,False,901,Voltage.Va,empirical-Q (causal),,
0,0,0,0.0,0.0,0.0,0,0,,0,,,0.0,inf,1434,False,901,Voltage.Vb,empirical-Q (causal),,
0,0,0,0.0,0.0,0.0,0,0,,0,,,0.0,inf,1434,False,901,Voltage.Vc,empirical-Q (causal),,
26,79,0,0.24761904761904763,1.0,0.3969465648854962,3,3,1.0,0,0.0,0.0,0.07322175732217573,13.657142857142858,1434,True,901,Current.Ia,empirical-Q (causal),,
0,10,0,0.0,0.0,0.0,0,0,,1,,,0.00697350069735007,143.4,1434,False,901,Current.Ib,empirical-Q (causal),,
0,0,0,0.0,0.0,0.0,0,0,,0,,,0.0,inf,1434,False,901,Current.Ic,empirical-Q (causal),,
0,3,0,0.0,0.0,0.0,0,0,,1,,,0.002512562814070352,398.0,1194,False,907,Voltage.Va,empirical-Q (causal),,
5,1,0,0.8333333333333334,1.0,0.9090909090909091,1,1,1.0,0,0.0,0.0,0.005025125628140704,199.0,1194,True,907,Voltage.Vb,empirical-Q (causal),,
5,1,0,0.8333333333333334,1.0,0.9090909090909091,1,1,1.0,0,0.0,0.0,0.005025125628140704,199.0,1194,True,907,Voltage.Vc,empirical-Q (causal),,
0,0,0,0.0,0.0,0.0,0,0,,0,,,0.0,inf,1194,False,907,Current.Ia,empirical-Q (causal),,
6,4,0,0.6,1.0,0.7499999999999999,1,1,1.0,0,0.0,0.0,0.008375209380234505,119.4,1194,True,907,Current.Ib,empirical-Q (causal),,
6,72,0,0.07692307692307693,1.0,0.14285714285714288,1,1,1.0,0,0.0,0.0,0.06532663316582915,15.307692307692307,1194,True,907,Current.Ic,empirical-Q (causal),,
0,0,0,0.0,0.0,0.0,0,0,,0,,,0.0,inf,23,False,971,Voltage.Va,empirical-Q (causal),,
0,0,0,0.0,0.0,0.0,0,0,,0,,,0.0,inf,23,False,971,Voltage.Vb,empirical-Q (causal),,
0,0,0,0.0,0.0,0.0,0,0,,0,,,0.0,inf,23,False,971,Voltage.Vc,empirical-Q (causal),,
0,0,4,0.0,0.0,0.0,1,0,0.0,0,,,0.0,inf,23,True,971,Current.Ia,empirical-Q (causal),,
0,0,3,0.0,0.0,0.0,1,0,0.0,0,,,0.0,inf,22,True,971,Current.Ib,empirical-Q (causal),,
0,0,4,0.0,0.0,0.0,1,0,0.0,0,,,0.0,inf,23,True,971,Current.Ic,empirical-Q (causal),,
5,0,0,1.0,1.0,1.0,1,1,1.0,0,0.0,0.0,0.021367521367521368,46.8,234,True,45,Voltage.Va,per-channel statistical (offline oracle),,
3,1,0,0.75,1.0,0.8571428571428571,1,1,1.0,0,0.0,0.0,0.017094017094017096,58.49999999999999,234,True,45,Voltage.Vb,per-channel statistical (offline oracle),,
5,1,0,0.8333333333333334,1.0,0.9090909090909091,1,1,1.0,0,0.0,0.0,0.02564102564102564,39.0,234,True,45,Voltage.Vc,per-channel statistical (offline oracle),,
5,0,0,1.0,1.0,1.0,1,1,1.0,0,0.0,0.0,0.021367521367521368,46.8,234,True,45,Current.Ia,per-channel statistical (offline oracle),,
5,0,0,1.0,1.0,1.0,1,1,1.0,0,0.0,0.0,0.021367521367521368,46.8,234,True,45,Current.Ib,per-channel statistical (offline oracle),,
6,20,0,0.23076923076923078,1.0,0.375,1,1,1.0,0,0.0,0.0,0.1111111111111111,9.0,234,True,45,Current.Ic,per-channel statistical (offline oracle),,
156,26,0,0.8571428571428571,1.0,0.923076923076923,2,2,1.0,0,0.0,0.0,0.7777777777777778,1.2857142857142856,234,True,55,Voltage.Va,per-channel statistical (offline oracle),,
69,107,3,0.39204545454545453,0.9583333333333334,0.5564516129032259,2,2,1.0,0,1.5,12.5,0.7521367521367521,1.3295454545454546,234,True,55,Voltage.Vb,per-channel statistical (offline oracle),,
42,19,4,0.6885245901639344,0.9130434782608695,0.7850467289719626,3,3,1.0,0,0.0,0.0,0.2606837606837607,3.8360655737704916,234,True,55,Voltage.Vc,per-channel statistical (offline oracle),,
147,33,0,0.8166666666666667,1.0,0.8990825688073394,2,2,1.0,0,0.0,0.0,0.7758620689655172,1.288888888888889,232,True,55,Current.Ia,per-channel statistical (offline oracle),,
176,1,0,0.9943502824858758,1.0,0.9971671388101983,2,2,1.0,0,0.0,0.0,0.759656652360515,1.3163841807909604,233,True,55,Current.Ib,per-channel statistical (offline oracle),,
60,109,10,0.35502958579881655,0.8571428571428571,0.502092050209205,2,1,0.5,0,0.0,0.0,0.7971698113207547,1.2544378698224852,212,True,55,Current.Ic,per-channel statistical (offline oracle),,
3,1548,0,0.0019342359767891683,1.0,0.003861003861003861,1,1,1.0,0,0.0,0.0,0.8103448275862069,1.2340425531914894,1914,True,677,Voltage.Va,per-channel statistical (offline oracle),,
0,1551,0,0.0,0.0,0.0,0,0,,1,,,0.8103448275862069,1.2340425531914894,1914,False,677,Voltage.Vb,per-channel statistical (offline oracle),,
0,0,0,0.0,0.0,0.0,0,0,,0,,,0.0,inf,1914,False,677,Voltage.Vc,per-channel statistical (offline oracle),,
11,1275,44,0.008553654743390357,0.2,0.01640566741237882,5,1,0.2,0,0.0,0.0,0.7627520759193357,1.3110419906687403,1686,True,677,Current.Ia,per-channel statistical (offline oracle),,
45,1241,11,0.034992223950233284,0.8035714285714286,0.06706408345752608,4,1,0.25,0,0.0,0.0,0.7751657625075347,1.2900466562986004,1659,True,677,Current.Ib,per-channel statistical (offline oracle),,
35,0,1,1.0,0.9722222222222222,0.9859154929577464,1,1,1.0,0,0.0,0.0,0.021224984839296544,47.114285714285714,1649,True,677,Current.Ic,per-channel statistical (offline oracle),,
0,0,0,0.0,0.0,0.0,0,0,,0,,,0.0,inf,1434,False,901,Voltage.Va,per-channel statistical (offline oracle),,
0,0,0,0.0,0.0,0.0,0,0,,0,,,0.0,inf,1434,False,901,Voltage.Vb,per-channel statistical (offline oracle),,
0,0,0,0.0,0.0,0.0,0,0,,0,,,0.0,inf,1434,False,901,Voltage.Vc,per-channel statistical (offline oracle),,
18,77,8,0.18947368421052632,0.6923076923076923,0.2975206611570248,3,1,0.3333333333333333,0,0.0,0.0,0.06624825662482567,15.094736842105261,1434,True,901,Current.Ia,per-channel statistical (offline oracle),,
0,0,0,0.0,0.0,0.0,0,0,,0,,,0.0,inf,1434,False,901,Current.Ib,per-channel statistical (offline oracle),,
0,0,0,0.0,0.0,0.0,0,0,,0,,,0.0,inf,1434,False,901,Current.Ic,per-channel statistical (offline oracle),,
0,0,0,0.0,0.0,0.0,0,0,,0,,,0.0,inf,1194,False,907,Voltage.Va,per-channel statistical (offline oracle),,
5,1,0,0.8333333333333334,1.0,0.9090909090909091,1,1,1.0,0,0.0,0.0,0.005025125628140704,199.0,1194,True,907,Voltage.Vb,per-channel statistical (offline oracle),,
5,1,0,0.8333333333333334,1.0,0.9090909090909091,1,1,1.0,0,0.0,0.0,0.005025125628140704,199.0,1194,True,907,Voltage.Vc,per-channel statistical (offline oracle),,
0,0,0,0.0,0.0,0.0,0,0,,0,,,0.0,inf,1194,False,907,Current.Ia,per-channel statistical (offline oracle),,
6,2,0,0.75,1.0,0.8571428571428571,1,1,1.0,0,0.0,0.0,0.006700167504187605,149.25,1194,True,907,Current.Ib,per-channel statistical (offline oracle),,
6,54,0,0.1,1.0,0.18181818181818182,1,1,1.0,0,0.0,0.0,0.05025125628140704,19.9,1194,True,907,Current.Ic,per-channel statistical (offline oracle),,
0,0,0,0.0,0.0,0.0,0,0,,0,,,0.0,inf,23,False,971,Voltage.Va,per-channel statistical (offline oracle),,
0,0,0,0.0,0.0,0.0,0,0,,0,,,0.0,inf,23,False,971,Voltage.Vb,per-channel statistical (offline oracle),,
0,0,0,0.0,0.0,0.0,0,0,,0,,,0.0,inf,23,False,971,Voltage.Vc,per-channel statistical (offline oracle),,
4,2,0,0.6666666666666666,1.0,0.8,1,1,1.0,0,0.0,0.0,0.2608695652173913,3.8333333333333335,23,True,971,Current.Ia,per-channel statistical (offline oracle),,
3,1,0,0.75,1.0,0.8571428571428571,1,1,1.0,0,0.0,0.0,0.18181818181818182,5.5,22,True,971,Current.Ib,per-channel statistical (offline oracle),,
4,0,0,1.0,1.0,1.0,1,1,1.0,0,0.0,0.0,0.17391304347826086,5.75,23,True,971,Current.Ic,per-channel statistical (offline oracle),,
5,0,0,1.0,1.0,1.0,1,1,1.0,0,0.0,0.0,0.021367521367521368,46.8,234,True,45,Voltage.Va,hindsight ceiling (offline oracle),0.75,0.5
3,1,0,0.75,1.0,0.8571428571428571,1,1,1.0,0,0.0,0.0,0.017094017094017096,58.49999999999999,234,True,45,Voltage.Vb,hindsight ceiling (offline oracle),3.0,0.5
5,0,0,1.0,1.0,1.0,1,1,1.0,0,0.0,0.0,0.021367521367521368,46.8,234,True,45,Voltage.Vc,hindsight ceiling (offline oracle),2.25,0.5
5,0,0,1.0,1.0,1.0,1,1,1.0,0,0.0,0.0,0.021367521367521368,46.8,234,True,45,Current.Ia,hindsight ceiling (offline oracle),0.5,0.5
5,0,0,1.0,1.0,1.0,1,1,1.0,0,0.0,0.0,0.021367521367521368,46.8,234,True,45,Current.Ib,hindsight ceiling (offline oracle),0.75,0.5
6,0,0,1.0,1.0,1.0,1,1,1.0,0,0.0,0.0,0.02564102564102564,39.0,234,True,45,Current.Ic,hindsight ceiling (offline oracle),3.75,0.5
148,0,8,1.0,0.9487179487179487,0.9736842105263158,2,2,1.0,0,0.5,4.166666666666667,0.6324786324786325,1.5810810810810811,234,True,55,Voltage.Va,hindsight ceiling (offline oracle),4.0,0.5
69,3,3,0.9583333333333334,0.9583333333333334,0.9583333333333334,2,2,1.0,0,1.5,12.5,0.3076923076923077,3.25,234,True,55,Voltage.Vb,hindsight ceiling (offline oracle),3.75,0.5
41,10,5,0.803921568627451,0.8913043478260869,0.845360824742268,3,3,1.0,0,0.0,0.0,0.21794871794871795,4.588235294117647,234,True,55,Voltage.Vc,hindsight ceiling (offline oracle),3.75,0.5
142,0,5,1.0,0.9659863945578231,0.9826989619377162,2,2,1.0,0,0.5,4.166666666666667,0.6120689655172413,1.6338028169014085,232,True,55,Current.Ia,hindsight ceiling (offline oracle),9.0,0.5
176,0,0,1.0,1.0,1.0,2,2,1.0,0,0.0,0.0,0.7553648068669528,1.3238636363636362,233,True,55,Current.Ib,hindsight ceiling (offline oracle),2.25,0.5
60,0,10,1.0,0.8571428571428571,0.923076923076923,2,1,0.5,0,0.0,0.0,0.2830188679245283,3.533333333333333,212,True,55,Current.Ic,hindsight ceiling (offline oracle),8.5,0.5
3,6,0,0.3333333333333333,1.0,0.5,1,1,1.0,1,0.0,0.0,0.004702194357366771,212.66666666666666,1914,True,677,Voltage.Va,hindsight ceiling (offline oracle),4.0,0.5
0,0,0,0.0,0.0,0.0,0,0,,0,,,0.0,inf,1914,False,677,Voltage.Vb,hindsight ceiling (offline oracle),6.0,0.5
0,0,0,0.0,0.0,0.0,0,0,,0,,,0.0,inf,1914,False,677,Voltage.Vc,hindsight ceiling (offline oracle),2.75,0.5
11,0,44,1.0,0.2,0.33333333333333337,5,1,0.2,0,0.0,0.0,0.006524317912218268,153.27272727272728,1686,True,677,Current.Ia,hindsight ceiling (offline oracle),11.25,0.5
45,1,11,0.9782608695652174,0.8035714285714286,0.8823529411764706,4,1,0.25,0,0.0,0.0,0.027727546714888487,36.065217391304344,1659,True,677,Current.Ib,hindsight ceiling (offline oracle),11.0,0.5
35,0,1,1.0,0.9722222222222222,0.9859154929577464,1,1,1.0,0,1.0,8.333333333333334,0.021224984839296544,47.114285714285714,1649,True,677,Current.Ic,hindsight ceiling (offline oracle),5.0,4.0
0,0,0,0.0,0.0,0.0,0,0,,0,,,0.0,inf,1434,False,901,Voltage.Va,hindsight ceiling (offline oracle),0.75,0.5
0,0,0,0.0,0.0,0.0,0,0,,0,,,0.0,inf,1434,False,901,Voltage.Vb,hindsight ceiling (offline oracle),0.25,0.5
0,0,0,0.0,0.0,0.0,0,0,,0,,,0.0,inf,1434,False,901,Voltage.Vc,hindsight ceiling (offline oracle),0.25,0.5
21,3,5,0.875,0.8076923076923077,0.8400000000000001,3,2,0.6666666666666666,1,0.5,4.166666666666667,0.016736401673640166,59.75000000000001,1434,True,901,Current.Ia,hindsight ceiling (offline oracle),3.25,0.5
0,0,0,0.0,0.0,0.0,0,0,,0,,,0.0,inf,1434,False,901,Current.Ib,hindsight ceiling (offline oracle),1.5,0.5
0,0,0,0.0,0.0,0.0,0,0,,0,,,0.0,inf,1434,False,901,Current.Ic,hindsight ceiling (offline oracle),0.5,0.5
0,0,0,0.0,0.0,0.0,0,0,,0,,,0.0,inf,1194,False,907,Voltage.Va,hindsight ceiling (offline oracle),1.0,0.5
5,0,0,1.0,1.0,1.0,1,1,1.0,0,0.0,0.0,0.0041876046901172526,238.8,1194,True,907,Voltage.Vb,hindsight ceiling (offline oracle),2.0,0.5
5,0,0,1.0,1.0,1.0,1,1,1.0,0,0.0,0.0,0.0041876046901172526,238.8,1194,True,907,Voltage.Vc,hindsight ceiling (offline oracle),1.5,0.5
0,0,0,0.0,0.0,0.0,0,0,,0,,,0.0,inf,1194,False,907,Current.Ia,hindsight ceiling (offline oracle),0.75,0.5
6,0,0,1.0,1.0,1.0,1,1,1.0,0,0.0,0.0,0.005025125628140704,199.0,1194,True,907,Current.Ib,hindsight ceiling (offline oracle),2.0,0.5
6,0,0,1.0,1.0,1.0,1,1,1.0,0,0.0,0.0,0.005025125628140704,199.0,1194,True,907,Current.Ic,hindsight ceiling (offline oracle),2.75,0.5
0,0,0,0.0,0.0,0.0,0,0,,0,,,0.0,inf,23,False,971,Voltage.Va,hindsight ceiling (offline oracle),0.25,0.5
0,0,0,0.0,0.0,0.0,0,0,,0,,,0.0,inf,23,False,971,Voltage.Vb,hindsight ceiling (offline oracle),0.25,0.5
0,0,0,0.0,0.0,0.0,0,0,,0,,,0.0,inf,23,False,971,Voltage.Vc,hindsight ceiling (offline oracle),0.25,0.5
4,0,0,1.0,1.0,1.0,1,1,1.0,0,0.0,0.0,0.17391304347826086,5.75,23,True,971,Current.Ia,hindsight ceiling (offline oracle),3.5,0.5
3,1,0,0.75,1.0,0.8571428571428571,1,1,1.0,0,0.0,0.0,0.18181818181818182,5.5,22,True,971,Current.Ib,hindsight ceiling (offline oracle),2.25,0.5
4,0,0,1.0,1.0,1.0,1,1,1.0,0,0.0,0.0,0.17391304347826086,5.75,23,True,971,Current.Ic,hindsight ceiling (offline oracle),2.75,0.5
5,0,0,1.0,1.0,1.0,1,1,1.0,0,0.0,0.0,0.021367521367521368,46.8,234,True,45,Voltage.Va,fixed margin (tuned on synthetic),,
3,1,0,0.75,1.0,0.8571428571428571,1,1,1.0,0,0.0,0.0,0.017094017094017096,58.49999999999999,234,True,45,Voltage.Vb,fixed margin (tuned on synthetic),,
5,0,0,1.0,1.0,1.0,1,1,1.0,0,0.0,0.0,0.021367521367521368,46.8,234,True,45,Voltage.Vc,fixed margin (tuned on synthetic),,
5,0,0,1.0,1.0,1.0,1,1,1.0,0,0.0,0.0,0.021367521367521368,46.8,234,True,45,Current.Ia,fixed margin (tuned on synthetic),,
5,0,0,1.0,1.0,1.0,1,1,1.0,0,0.0,0.0,0.021367521367521368,46.8,234,True,45,Current.Ib,fixed margin (tuned on synthetic),,
6,1,0,0.8571428571428571,1.0,0.923076923076923,1,1,1.0,0,0.0,0.0,0.029914529914529916,33.42857142857143,234,True,45,Current.Ic,fixed margin (tuned on synthetic),,
156,25,0,0.861878453038674,1.0,0.9258160237388724,2,2,1.0,0,0.0,0.0,0.7735042735042735,1.292817679558011,234,True,55,Voltage.Va,fixed margin (tuned on synthetic),,
72,90,0,0.4444444444444444,1.0,0.6153846153846153,2,2,1.0,0,0.0,0.0,0.6923076923076923,1.4444444444444444,234,True,55,Voltage.Vb,fixed margin (tuned on synthetic),,
46,48,0,0.48936170212765956,1.0,0.6571428571428571,3,3,1.0,0,0.0,0.0,0.4017094017094017,2.4893617021276593,234,True,55,Voltage.Vc,fixed margin (tuned on synthetic),,
147,33,0,0.8166666666666667,1.0,0.8990825688073394,2,2,1.0,0,0.0,0.0,0.7758620689655172,1.288888888888889,232,True,55,Current.Ia,fixed margin (tuned on synthetic),,
176,0,0,1.0,1.0,1.0,2,2,1.0,0,0.0,0.0,0.7553648068669528,1.3238636363636362,233,True,55,Current.Ib,fixed margin (tuned on synthetic),,
70,109,0,0.39106145251396646,1.0,0.5622489959839357,2,2,1.0,0,0.0,0.0,0.8443396226415094,1.1843575418994414,212,True,55,Current.Ic,fixed margin (tuned on synthetic),,
3,46,0,0.061224489795918366,1.0,0.11538461538461538,1,1,1.0,2,0.0,0.0,0.025600835945663532,39.06122448979592,1914,True,677,Voltage.Va,fixed margin (tuned on synthetic),,
0,69,0,0.0,0.0,0.0,0,0,,2,,,0.03605015673981191,27.73913043478261,1914,False,677,Voltage.Vb,fixed margin (tuned on synthetic),,
0,0,0,0.0,0.0,0.0,0,0,,0,,,0.0,inf,1914,False,677,Voltage.Vc,fixed margin (tuned on synthetic),,
43,1283,12,0.032428355957767725,0.7818181818181819,0.062273714699493124,5,5,1.0,0,2.4,20.0,0.7864768683274022,1.2714932126696832,1686,True,677,Current.Ia,fixed margin (tuned on synthetic),,
55,1243,1,0.0423728813559322,0.9821428571428571,0.0812407680945347,4,4,1.0,0,0.25,2.0833333333333335,0.7823990355635925,1.278120184899846,1659,True,677,Current.Ib,fixed margin (tuned on synthetic),,
26,0,10,1.0,0.7222222222222222,0.8387096774193548,1,1,1.0,0,0.0,0.0,0.015767131594906003,63.42307692307693,1649,True,677,Current.Ic,fixed margin (tuned on synthetic),,
0,0,0,0.0,0.0,0.0,0,0,,0,,,0.0,inf,1434,False,901,Voltage.Va,fixed margin (tuned on synthetic),,
0,0,0,0.0,0.0,0.0,0,0,,0,,,0.0,inf,1434,False,901,Voltage.Vb,fixed margin (tuned on synthetic),,
0,0,0,0.0,0.0,0.0,0,0,,0,,,0.0,inf,1434,False,901,Voltage.Vc,fixed margin (tuned on synthetic),,
21,12,5,0.6363636363636364,0.8076923076923077,0.7118644067796609,3,2,0.6666666666666666,1,0.5,4.166666666666667,0.02301255230125523,43.45454545454545,1434,True,901,Current.Ia,fixed margin (tuned on synthetic),,
0,0,0,0.0,0.0,0.0,0,0,,0,,,0.0,inf,1434,False,901,Current.Ib,fixed margin (tuned on synthetic),,
0,0,0,0.0,0.0,0.0,0,0,,0,,,0.0,inf,1434,False,901,Current.Ic,fixed margin (tuned on synthetic),,
0,0,0,0.0,0.0,0.0,0,0,,0,,,0.0,inf,1194,False,907,Voltage.Va,fixed margin (tuned on synthetic),,
5,0,0,1.0,1.0,1.0,1,1,1.0,0,0.0,0.0,0.0041876046901172526,238.8,1194,True,907,Voltage.Vb,fixed margin (tuned on synthetic),,
5,0,0,1.0,1.0,1.0,1,1,1.0,0,0.0,0.0,0.0041876046901172526,238.8,1194,True,907,Voltage.Vc,fixed margin (tuned on synthetic),,
0,0,0,0.0,0.0,0.0,0,0,,0,,,0.0,inf,1194,False,907,Current.Ia,fixed margin (tuned on synthetic),,
6,0,0,1.0,1.0,1.0,1,1,1.0,0,0.0,0.0,0.005025125628140704,199.0,1194,True,907,Current.Ib,fixed margin (tuned on synthetic),,
6,0,0,1.0,1.0,1.0,1,1,1.0,0,0.0,0.0,0.005025125628140704,199.0,1194,True,907,Current.Ic,fixed margin (tuned on synthetic),,
0,0,0,0.0,0.0,0.0,0,0,,0,,,0.0,inf,23,False,971,Voltage.Va,fixed margin (tuned on synthetic),,
0,0,0,0.0,0.0,0.0,0,0,,0,,,0.0,inf,23,False,971,Voltage.Vb,fixed margin (tuned on synthetic),,
0,0,0,0.0,0.0,0.0,0,0,,0,,,0.0,inf,23,False,971,Voltage.Vc,fixed margin (tuned on synthetic),,
4,1,0,0.8,1.0,0.888888888888889,1,1,1.0,0,0.0,0.0,0.21739130434782608,4.6000000000000005,23,True,971,Current.Ia,fixed margin (tuned on synthetic),,
2,1,1,0.6666666666666666,0.6666666666666666,0.6666666666666666,1,1,1.0,0,1.0,8.333333333333334,0.13636363636363635,7.333333333333334,22,True,971,Current.Ib,fixed margin (tuned on synthetic),,
4,0,0,1.0,1.0,1.0,1,1,1.0,0,0.0,0.0,0.17391304347826086,5.75,23,True,971,Current.Ic,fixed margin (tuned on synthetic),,
5,0,0,1.0,1.0,1.0,1,1,1.0,0,0.0,0.0,0.021367521367521368,46.8,234,True,45,Voltage.Va,"fixed margin (best constant, offline oracle)",,
3,1,0,0.75,1.0,0.8571428571428571,1,1,1.0,0,0.0,0.0,0.017094017094017096,58.49999999999999,234,True,45,Voltage.Vb,"fixed margin (best constant, offline oracle)",,
5,0,0,1.0,1.0,1.0,1,1,1.0,0,0.0,0.0,0.021367521367521368,46.8,234,True,45,Voltage.Vc,"fixed margin (best constant, offline oracle)",,
5,0,0,1.0,1.0,1.0,1,1,1.0,0,0.0,0.0,0.021367521367521368,46.8,234,True,45,Current.Ia,"fixed margin (best constant, offline oracle)",,
5,0,0,1.0,1.0,1.0,1,1,1.0,0,0.0,0.0,0.021367521367521368,46.8,234,True,45,Current.Ib,"fixed margin (best constant, offline oracle)",,
6,1,0,0.8571428571428571,1.0,0.923076923076923,1,1,1.0,0,0.0,0.0,0.029914529914529916,33.42857142857143,234,True,45,Current.Ic,"fixed margin (best constant, offline oracle)",,
155,16,1,0.9064327485380117,0.9935897435897436,0.9480122324159022,2,2,1.0,0,0.0,0.0,0.7307692307692307,1.368421052631579,234,True,55,Voltage.Va,"fixed margin (best constant, offline oracle)",,
72,11,0,0.8674698795180723,1.0,0.9290322580645161,2,2,1.0,0,0.0,0.0,0.3547008547008547,2.819277108433735,234,True,55,Voltage.Vb,"fixed margin (best constant, offline oracle)",,
42,19,4,0.6885245901639344,0.9130434782608695,0.7850467289719626,3,3,1.0,0,0.0,0.0,0.2606837606837607,3.8360655737704916,234,True,55,Voltage.Vc,"fixed margin (best constant, offline oracle)",,
147,33,0,0.8166666666666667,1.0,0.8990825688073394,2,2,1.0,0,0.0,0.0,0.7758620689655172,1.288888888888889,232,True,55,Current.Ia,"fixed margin (best constant, offline oracle)",,
176,0,0,1.0,1.0,1.0,2,2,1.0,0,0.0,0.0,0.7553648068669528,1.3238636363636362,233,True,55,Current.Ib,"fixed margin (best constant, offline oracle)",,
70,109,0,0.39106145251396646,1.0,0.5622489959839357,2,2,1.0,0,0.0,0.0,0.8443396226415094,1.1843575418994414,212,True,55,Current.Ic,"fixed margin (best constant, offline oracle)",,
3,19,0,0.13636363636363635,1.0,0.24000000000000002,1,1,1.0,3,0.0,0.0,0.011494252873563218,87.0,1914,True,677,Voltage.Va,"fixed margin (best constant, offline oracle)",,
0,9,0,0.0,0.0,0.0,0,0,,1,,,0.004702194357366771,212.66666666666666,1914,False,677,Voltage.Vb,"fixed margin (best constant, offline oracle)",,
0,0,0,0.0,0.0,0.0,0,0,,0,,,0.0,inf,1914,False,677,Voltage.Vc,"fixed margin (best constant, offline oracle)",,
29,1276,26,0.022222222222222223,0.5272727272727272,0.04264705882352941,5,5,1.0,0,3.8,31.66666666666666,0.7740213523131673,1.2919540229885058,1686,True,677,Current.Ia,"fixed margin (best constant, offline oracle)",,
55,1242,1,0.04240555127216654,0.9821428571428571,0.08130081300813008,4,4,1.0,0,0.25,2.0833333333333335,0.781796262808921,1.279105628373169,1659,True,677,Current.Ib,"fixed margin (best constant, offline oracle)",,
21,0,15,1.0,0.5833333333333334,0.7368421052631579,1,1,1.0,0,0.0,0.0,0.012734990903577926,78.52380952380952,1649,True,677,Current.Ic,"fixed margin (best constant, offline oracle)",,
0,0,0,0.0,0.0,0.0,0,0,,0,,,0.0,inf,1434,False,901,Voltage.Va,"fixed margin (best constant, offline oracle)",,
0,0,0,0.0,0.0,0.0,0,0,,0,,,0.0,inf,1434,False,901,Voltage.Vb,"fixed margin (best constant, offline oracle)",,
0,0,0,0.0,0.0,0.0,0,0,,0,,,0.0,inf,1434,False,901,Voltage.Vc,"fixed margin (best constant, offline oracle)",,
14,0,12,1.0,0.5384615384615384,0.7000000000000001,3,1,0.3333333333333333,0,0.0,0.0,0.009762900976290097,102.42857142857143,1434,True,901,Current.Ia,"fixed margin (best constant, offline oracle)",,
0,0,0,0.0,0.0,0.0,0,0,,0,,,0.0,inf,1434,False,901,Current.Ib,"fixed margin (best constant, offline oracle)",,
0,0,0,0.0,0.0,0.0,0,0,,0,,,0.0,inf,1434,False,901,Current.Ic,"fixed margin (best constant, offline oracle)",,
0,0,0,0.0,0.0,0.0,0,0,,0,,,0.0,inf,1194,False,907,Voltage.Va,"fixed margin (best constant, offline oracle)",,
5,0,0,1.0,1.0,1.0,1,1,1.0,0,0.0,0.0,0.0041876046901172526,238.8,1194,True,907,Voltage.Vb,"fixed margin (best constant, offline oracle)",,
5,0,0,1.0,1.0,1.0,1,1,1.0,0,0.0,0.0,0.0041876046901172526,238.8,1194,True,907,Voltage.Vc,"fixed margin (best constant, offline oracle)",,
0,0,0,0.0,0.0,0.0,0,0,,0,,,0.0,inf,1194,False,907,Current.Ia,"fixed margin (best constant, offline oracle)",,
6,0,0,1.0,1.0,1.0,1,1,1.0,0,0.0,0.0,0.005025125628140704,199.0,1194,True,907,Current.Ib,"fixed margin (best constant, offline oracle)",,
6,0,0,1.0,1.0,1.0,1,1,1.0,0,0.0,0.0,0.005025125628140704,199.0,1194,True,907,Current.Ic,"fixed margin (best constant, offline oracle)",,
0,0,0,0.0,0.0,0.0,0,0,,0,,,0.0,inf,23,False,971,Voltage.Va,"fixed margin (best constant, offline oracle)",,
0,0,0,0.0,0.0,0.0,0,0,,0,,,0.0,inf,23,False,971,Voltage.Vb,"fixed margin (best constant, offline oracle)",,
0,0,0,0.0,0.0,0.0,0,0,,0,,,0.0,inf,23,False,971,Voltage.Vc,"fixed margin (best constant, offline oracle)",,
4,0,0,1.0,1.0,1.0,1,1,1.0,0,0.0,0.0,0.17391304347826086,5.75,23,True,971,Current.Ia,"fixed margin (best constant, offline oracle)",,
2,0,1,1.0,0.6666666666666666,0.8,1,1,1.0,0,1.0,8.333333333333334,0.09090909090909091,11.0,22,True,971,Current.Ib,"fixed margin (best constant, offline oracle)",,
4,0,0,1.0,1.0,1.0,1,1,1.0,0,0.0,0.0,0.17391304347826086,5.75,23,True,971,Current.Ic,"fixed margin (best constant, offline oracle)",,
0,0,5,0.0,0.0,0.0,1,0,0.0,0,,,0.0,inf,234,True,45,Voltage.Va,"ATE-Q int8, floor=hard",,
3,1,0,0.75,1.0,0.8571428571428571,1,1,1.0,0,0.0,0.0,0.017094017094017096,58.49999999999999,234,True,45,Voltage.Vb,"ATE-Q int8, floor=hard",,
5,0,0,1.0,1.0,1.0,1,1,1.0,0,0.0,0.0,0.021367521367521368,46.8,234,True,45,Voltage.Vc,"ATE-Q int8, floor=hard",,
5,0,0,1.0,1.0,1.0,1,1,1.0,0,0.0,0.0,0.021367521367521368,46.8,234,True,45,Current.Ia,"ATE-Q int8, floor=hard",,
5,0,0,1.0,1.0,1.0,1,1,1.0,0,0.0,0.0,0.021367521367521368,46.8,234,True,45,Current.Ib,"ATE-Q int8, floor=hard",,
6,1,0,0.8571428571428571,1.0,0.923076923076923,1,1,1.0,0,0.0,0.0,0.029914529914529916,33.42857142857143,234,True,45,Current.Ic,"ATE-Q int8, floor=hard",,
155,25,1,0.8611111111111112,0.9935897435897436,0.9226190476190477,2,2,1.0,0,0.0,0.0,0.7692307692307693,1.2999999999999998,234,True,55,Voltage.Va,"ATE-Q int8, floor=hard",,
72,19,0,0.7912087912087912,1.0,0.8834355828220859,2,2,1.0,0,0.0,0.0,0.3888888888888889,2.571428571428571,234,True,55,Voltage.Vb,"ATE-Q int8, floor=hard",,
41,19,5,0.6833333333333333,0.8913043478260869,0.7735849056603774,3,3,1.0,0,1.3333333333333333,11.111111111111109,0.2564102564102564,3.9000000000000004,234,True,55,Voltage.Vc,"ATE-Q int8, floor=hard",,
147,33,0,0.8166666666666667,1.0,0.8990825688073394,2,2,1.0,0,0.0,0.0,0.7758620689655172,1.288888888888889,232,True,55,Current.Ia,"ATE-Q int8, floor=hard",,
176,0,0,1.0,1.0,1.0,2,2,1.0,0,0.0,0.0,0.7553648068669528,1.3238636363636362,233,True,55,Current.Ib,"ATE-Q int8, floor=hard",,
70,109,0,0.39106145251396646,1.0,0.5622489959839357,2,2,1.0,0,0.0,0.0,0.8443396226415094,1.1843575418994414,212,True,55,Current.Ic,"ATE-Q int8, floor=hard",,
0,3,3,0.0,0.0,0.0,1,0,0.0,1,,,0.001567398119122257,638.0,1914,True,677,Voltage.Va,"ATE-Q int8, floor=hard",,
0,7,0,0.0,0.0,0.0,0,0,,1,,,0.0036572622779519333,273.42857142857144,1914,False,677,Voltage.Vb,"ATE-Q int8, floor=hard",,
0,0,0,0.0,0.0,0.0,0,0,,0,,,0.0,inf,1914,False,677,Voltage.Vc,"ATE-Q int8, floor=hard",,
24,1277,31,0.018447348193697154,0.43636363636363634,0.035398230088495575,5,5,1.0,0,3.6,30.000000000000004,0.7716488730723606,1.2959262106072251,1686,True,677,Current.Ia,"ATE-Q int8, floor=hard",,
55,1242,1,0.04240555127216654,0.9821428571428571,0.08130081300813008,4,4,1.0,0,0.25,2.0833333333333335,0.781796262808921,1.279105628373169,1659,True,677,Current.Ib,"ATE-Q int8, floor=hard",,
22,0,14,1.0,0.6111111111111112,0.7586206896551725,1,1,1.0,0,0.0,0.0,0.013341419041843541,74.95454545454545,1649,True,677,Current.Ic,"ATE-Q int8, floor=hard",,
0,0,0,0.0,0.0,0.0,0,0,,0,,,0.0,inf,1434,False,901,Voltage.Va,"ATE-Q int8, floor=hard",,
0,0,0,0.0,0.0,0.0,0,0,,0,,,0.0,inf,1434,False,901,Voltage.Vb,"ATE-Q int8, floor=hard",,
0,0,0,0.0,0.0,0.0,0,0,,0,,,0.0,inf,1434,False,901,Voltage.Vc,"ATE-Q int8, floor=hard",,
10,0,16,1.0,0.38461538461538464,0.5555555555555556,3,2,0.6666666666666666,0,1.0,8.333333333333334,0.00697350069735007,143.4,1434,True,901,Current.Ia,"ATE-Q int8, floor=hard",,
0,0,0,0.0,0.0,0.0,0,0,,0,,,0.0,inf,1434,False,901,Current.Ib,"ATE-Q int8, floor=hard",,
0,0,0,0.0,0.0,0.0,0,0,,0,,,0.0,inf,1434,False,901,Current.Ic,"ATE-Q int8, floor=hard",,
0,0,0,0.0,0.0,0.0,0,0,,0,,,0.0,inf,1194,False,907,Voltage.Va,"ATE-Q int8, floor=hard",,
5,0,0,1.0,1.0,1.0,1,1,1.0,0,0.0,0.0,0.0041876046901172526,238.8,1194,True,907,Voltage.Vb,"ATE-Q int8, floor=hard",,
5,0,0,1.0,1.0,1.0,1,1,1.0,0,0.0,0.0,0.0041876046901172526,238.8,1194,True,907,Voltage.Vc,"ATE-Q int8, floor=hard",,
0,0,0,0.0,0.0,0.0,0,0,,0,,,0.0,inf,1194,False,907,Current.Ia,"ATE-Q int8, floor=hard",,
6,0,0,1.0,1.0,1.0,1,1,1.0,0,0.0,0.0,0.005025125628140704,199.0,1194,True,907,Current.Ib,"ATE-Q int8, floor=hard",,
6,0,0,1.0,1.0,1.0,1,1,1.0,0,0.0,0.0,0.005025125628140704,199.0,1194,True,907,Current.Ic,"ATE-Q int8, floor=hard",,
0,0,0,0.0,0.0,0.0,0,0,,0,,,0.0,inf,23,False,971,Voltage.Va,"ATE-Q int8, floor=hard",,
0,0,0,0.0,0.0,0.0,0,0,,0,,,0.0,inf,23,False,971,Voltage.Vb,"ATE-Q int8, floor=hard",,
0,0,0,0.0,0.0,0.0,0,0,,0,,,0.0,inf,23,False,971,Voltage.Vc,"ATE-Q int8, floor=hard",,
4,0,0,1.0,1.0,1.0,1,1,1.0,0,0.0,0.0,0.17391304347826086,5.75,23,True,971,Current.Ia,"ATE-Q int8, floor=hard",,
2,0,1,1.0,0.6666666666666666,0.8,1,1,1.0,0,1.0,8.333333333333334,0.09090909090909091,11.0,22,True,971,Current.Ib,"ATE-Q int8, floor=hard",,
4,0,0,1.0,1.0,1.0,1,1,1.0,0,0.0,0.0,0.17391304347826086,5.75,23,True,971,Current.Ic,"ATE-Q int8, floor=hard",,
5,0,0,1.0,1.0,1.0,1,1,1.0,0,0.0,0.0,0.021367521367521368,46.8,234,True,45,Voltage.Va,"ATE-S int8, floor=hard",,
3,1,0,0.75,1.0,0.8571428571428571,1,1,1.0,0,0.0,0.0,0.017094017094017096,58.49999999999999,234,True,45,Voltage.Vb,"ATE-S int8, floor=hard",,
5,0,0,1.0,1.0,1.0,1,1,1.0,0,0.0,0.0,0.021367521367521368,46.8,234,True,45,Voltage.Vc,"ATE-S int8, floor=hard",,
5,0,0,1.0,1.0,1.0,1,1,1.0,0,0.0,0.0,0.021367521367521368,46.8,234,True,45,Current.Ia,"ATE-S int8, floor=hard",,
5,0,0,1.0,1.0,1.0,1,1,1.0,0,0.0,0.0,0.021367521367521368,46.8,234,True,45,Current.Ib,"ATE-S int8, floor=hard",,
6,1,0,0.8571428571428571,1.0,0.923076923076923,1,1,1.0,0,0.0,0.0,0.029914529914529916,33.42857142857143,234,True,45,Current.Ic,"ATE-S int8, floor=hard",,
155,25,1,0.8611111111111112,0.9935897435897436,0.9226190476190477,2,2,1.0,0,0.0,0.0,0.7692307692307693,1.2999999999999998,234,True,55,Voltage.Va,"ATE-S int8, floor=hard",,
72,19,0,0.7912087912087912,1.0,0.8834355828220859,2,2,1.0,0,0.0,0.0,0.3888888888888889,2.571428571428571,234,True,55,Voltage.Vb,"ATE-S int8, floor=hard",,
45,25,1,0.6428571428571429,0.9782608695652174,0.7758620689655172,3,3,1.0,0,0.0,0.0,0.29914529914529914,3.342857142857143,234,True,55,Voltage.Vc,"ATE-S int8, floor=hard",,
147,33,0,0.8166666666666667,1.0,0.8990825688073394,2,2,1.0,0,0.0,0.0,0.7758620689655172,1.288888888888889,232,True,55,Current.Ia,"ATE-S int8, floor=hard",,
176,0,0,1.0,1.0,1.0,2,2,1.0,0,0.0,0.0,0.7553648068669528,1.3238636363636362,233,True,55,Current.Ib,"ATE-S int8, floor=hard",,
70,109,0,0.39106145251396646,1.0,0.5622489959839357,2,2,1.0,0,0.0,0.0,0.8443396226415094,1.1843575418994414,212,True,55,Current.Ic,"ATE-S int8, floor=hard",,
3,19,0,0.13636363636363635,1.0,0.24000000000000002,1,1,1.0,3,0.0,0.0,0.011494252873563218,87.0,1914,True,677,Voltage.Va,"ATE-S int8, floor=hard",,
0,13,0,0.0,0.0,0.0,0,0,,1,,,0.006792058516196447,147.23076923076923,1914,False,677,Voltage.Vb,"ATE-S int8, floor=hard",,
0,0,0,0.0,0.0,0.0,0,0,,0,,,0.0,inf,1914,False,677,Voltage.Vc,"ATE-S int8, floor=hard",,
30,1277,25,0.022953328232593728,0.5454545454545454,0.04405286343612334,5,5,1.0,0,3.6,30.000000000000004,0.7752075919335706,1.2899770466717675,1686,True,677,Current.Ia,"ATE-S int8, floor=hard",,
55,1242,1,0.04240555127216654,0.9821428571428571,0.08130081300813008,4,4,1.0,0,0.25,2.0833333333333335,0.781796262808921,1.279105628373169,1659,True,677,Current.Ib,"ATE-S int8, floor=hard",,
22,0,14,1.0,0.6111111111111112,0.7586206896551725,1,1,1.0,0,0.0,0.0,0.013341419041843541,74.95454545454545,1649,True,677,Current.Ic,"ATE-S int8, floor=hard",,
0,0,0,0.0,0.0,0.0,0,0,,0,,,0.0,inf,1434,False,901,Voltage.Va,"ATE-S int8, floor=hard",,
0,0,0,0.0,0.0,0.0,0,0,,0,,,0.0,inf,1434,False,901,Voltage.Vb,"ATE-S int8, floor=hard",,
0,0,0,0.0,0.0,0.0,0,0,,0,,,0.0,inf,1434,False,901,Voltage.Vc,"ATE-S int8, floor=hard",,
17,0,9,1.0,0.6538461538461539,0.7906976744186047,3,2,0.6666666666666666,0,0.5,4.166666666666667,0.011854951185495118,84.3529411764706,1434,True,901,Current.Ia,"ATE-S int8, floor=hard",,
0,0,0,0.0,0.0,0.0,0,0,,0,,,0.0,inf,1434,False,901,Current.Ib,"ATE-S int8, floor=hard",,
0,0,0,0.0,0.0,0.0,0,0,,0,,,0.0,inf,1434,False,901,Current.Ic,"ATE-S int8, floor=hard",,
0,0,0,0.0,0.0,0.0,0,0,,0,,,0.0,inf,1194,False,907,Voltage.Va,"ATE-S int8, floor=hard",,
5,0,0,1.0,1.0,1.0,1,1,1.0,0,0.0,0.0,0.0041876046901172526,238.8,1194,True,907,Voltage.Vb,"ATE-S int8, floor=hard",,
5,0,0,1.0,1.0,1.0,1,1,1.0,0,0.0,0.0,0.0041876046901172526,238.8,1194,True,907,Voltage.Vc,"ATE-S int8, floor=hard",,
0,0,0,0.0,0.0,0.0,0,0,,0,,,0.0,inf,1194,False,907,Current.Ia,"ATE-S int8, floor=hard",,
6,0,0,1.0,1.0,1.0,1,1,1.0,0,0.0,0.0,0.005025125628140704,199.0,1194,True,907,Current.Ib,"ATE-S int8, floor=hard",,
6,0,0,1.0,1.0,1.0,1,1,1.0,0,0.0,0.0,0.005025125628140704,199.0,1194,True,907,Current.Ic,"ATE-S int8, floor=hard",,
0,0,0,0.0,0.0,0.0,0,0,,0,,,0.0,inf,23,False,971,Voltage.Va,"ATE-S int8, floor=hard",,
0,0,0,0.0,0.0,0.0,0,0,,0,,,0.0,inf,23,False,971,Voltage.Vb,"ATE-S int8, floor=hard",,
0,0,0,0.0,0.0,0.0,0,0,,0,,,0.0,inf,23,False,971,Voltage.Vc,"ATE-S int8, floor=hard",,
4,0,0,1.0,1.0,1.0,1,1,1.0,0,0.0,0.0,0.17391304347826086,5.75,23,True,971,Current.Ia,"ATE-S int8, floor=hard",,
2,0,1,1.0,0.6666666666666666,0.8,1,1,1.0,0,1.0,8.333333333333334,0.09090909090909091,11.0,22,True,971,Current.Ib,"ATE-S int8, floor=hard",,
4,0,0,1.0,1.0,1.0,1,1,1.0,0,0.0,0.0,0.17391304347826086,5.75,23,True,971,Current.Ic,"ATE-S int8, floor=hard",,
0,0,5,0.0,0.0,0.0,1,0,0.0,0,,,0.0,inf,234,True,45,Voltage.Va,"ATE-M int8, floor=hard",,
3,1,0,0.75,1.0,0.8571428571428571,1,1,1.0,0,0.0,0.0,0.017094017094017096,58.49999999999999,234,True,45,Voltage.Vb,"ATE-M int8, floor=hard",,
5,0,0,1.0,1.0,1.0,1,1,1.0,0,0.0,0.0,0.021367521367521368,46.8,234,True,45,Voltage.Vc,"ATE-M int8, floor=hard",,
5,0,0,1.0,1.0,1.0,1,1,1.0,0,0.0,0.0,0.021367521367521368,46.8,234,True,45,Current.Ia,"ATE-M int8, floor=hard",,
5,0,0,1.0,1.0,1.0,1,1,1.0,0,0.0,0.0,0.021367521367521368,46.8,234,True,45,Current.Ib,"ATE-M int8, floor=hard",,
6,1,0,0.8571428571428571,1.0,0.923076923076923,1,1,1.0,0,0.0,0.0,0.029914529914529916,33.42857142857143,234,True,45,Current.Ic,"ATE-M int8, floor=hard",,
155,25,1,0.8611111111111112,0.9935897435897436,0.9226190476190477,2,2,1.0,0,0.0,0.0,0.7692307692307693,1.2999999999999998,234,True,55,Voltage.Va,"ATE-M int8, floor=hard",,
72,19,0,0.7912087912087912,1.0,0.8834355828220859,2,2,1.0,0,0.0,0.0,0.3888888888888889,2.571428571428571,234,True,55,Voltage.Vb,"ATE-M int8, floor=hard",,
41,25,5,0.6212121212121212,0.8913043478260869,0.7321428571428572,3,3,1.0,0,1.3333333333333333,11.111111111111109,0.28205128205128205,3.5454545454545454,234,True,55,Voltage.Vc,"ATE-M int8, floor=hard",,
147,33,0,0.8166666666666667,1.0,0.8990825688073394,2,2,1.0,0,0.0,0.0,0.7758620689655172,1.288888888888889,232,True,55,Current.Ia,"ATE-M int8, floor=hard",,
176,0,0,1.0,1.0,1.0,2,2,1.0,0,0.0,0.0,0.7553648068669528,1.3238636363636362,233,True,55,Current.Ib,"ATE-M int8, floor=hard",,
70,109,0,0.39106145251396646,1.0,0.5622489959839357,2,2,1.0,0,0.0,0.0,0.8443396226415094,1.1843575418994414,212,True,55,Current.Ic,"ATE-M int8, floor=hard",,
0,3,3,0.0,0.0,0.0,1,0,0.0,1,,,0.001567398119122257,638.0,1914,True,677,Voltage.Va,"ATE-M int8, floor=hard",,
0,13,0,0.0,0.0,0.0,0,0,,1,,,0.006792058516196447,147.23076923076923,1914,False,677,Voltage.Vb,"ATE-M int8, floor=hard",,
0,0,0,0.0,0.0,0.0,0,0,,0,,,0.0,inf,1914,False,677,Voltage.Vc,"ATE-M int8, floor=hard",,
42,1277,13,0.03184230477634572,0.7636363636363637,0.061135371179039305,5,5,1.0,0,2.4,20.0,0.7823250296559905,1.2782410917361637,1686,True,677,Current.Ia,"ATE-M int8, floor=hard",,
55,1242,1,0.04240555127216654,0.9821428571428571,0.08130081300813008,4,4,1.0,0,0.25,2.0833333333333335,0.781796262808921,1.279105628373169,1659,True,677,Current.Ib,"ATE-M int8, floor=hard",,
22,0,14,1.0,0.6111111111111112,0.7586206896551725,1,1,1.0,0,0.0,0.0,0.013341419041843541,74.95454545454545,1649,True,677,Current.Ic,"ATE-M int8, floor=hard",,
0,0,0,0.0,0.0,0.0,0,0,,0,,,0.0,inf,1434,False,901,Voltage.Va,"ATE-M int8, floor=hard",,
0,0,0,0.0,0.0,0.0,0,0,,0,,,0.0,inf,1434,False,901,Voltage.Vb,"ATE-M int8, floor=hard",,
0,0,0,0.0,0.0,0.0,0,0,,0,,,0.0,inf,1434,False,901,Voltage.Vc,"ATE-M int8, floor=hard",,
17,0,9,1.0,0.6538461538461539,0.7906976744186047,3,2,0.6666666666666666,0,0.5,4.166666666666667,0.011854951185495118,84.3529411764706,1434,True,901,Current.Ia,"ATE-M int8, floor=hard",,
0,0,0,0.0,0.0,0.0,0,0,,0,,,0.0,inf,1434,False,901,Current.Ib,"ATE-M int8, floor=hard",,
0,0,0,0.0,0.0,0.0,0,0,,0,,,0.0,inf,1434,False,901,Current.Ic,"ATE-M int8, floor=hard",,
0,0,0,0.0,0.0,0.0,0,0,,0,,,0.0,inf,1194,False,907,Voltage.Va,"ATE-M int8, floor=hard",,
5,0,0,1.0,1.0,1.0,1,1,1.0,0,0.0,0.0,0.0041876046901172526,238.8,1194,True,907,Voltage.Vb,"ATE-M int8, floor=hard",,
5,0,0,1.0,1.0,1.0,1,1,1.0,0,0.0,0.0,0.0041876046901172526,238.8,1194,True,907,Voltage.Vc,"ATE-M int8, floor=hard",,
0,0,0,0.0,0.0,0.0,0,0,,0,,,0.0,inf,1194,False,907,Current.Ia,"ATE-M int8, floor=hard",,
6,0,0,1.0,1.0,1.0,1,1,1.0,0,0.0,0.0,0.005025125628140704,199.0,1194,True,907,Current.Ib,"ATE-M int8, floor=hard",,
6,0,0,1.0,1.0,1.0,1,1,1.0,0,0.0,0.0,0.005025125628140704,199.0,1194,True,907,Current.Ic,"ATE-M int8, floor=hard",,
0,0,0,0.0,0.0,0.0,0,0,,0,,,0.0,inf,23,False,971,Voltage.Va,"ATE-M int8, floor=hard",,
0,0,0,0.0,0.0,0.0,0,0,,0,,,0.0,inf,23,False,971,Voltage.Vb,"ATE-M int8, floor=hard",,
0,0,0,0.0,0.0,0.0,0,0,,0,,,0.0,inf,23,False,971,Voltage.Vc,"ATE-M int8, floor=hard",,
4,0,0,1.0,1.0,1.0,1,1,1.0,0,0.0,0.0,0.17391304347826086,5.75,23,True,971,Current.Ia,"ATE-M int8, floor=hard",,
2,0,1,1.0,0.6666666666666666,0.8,1,1,1.0,0,1.0,8.333333333333334,0.09090909090909091,11.0,22,True,971,Current.Ib,"ATE-M int8, floor=hard",,
4,0,0,1.0,1.0,1.0,1,1,1.0,0,0.0,0.0,0.17391304347826086,5.75,23,True,971,Current.Ic,"ATE-M int8, floor=hard",,
0,0,5,0.0,0.0,0.0,1,0,0.0,0,,,0.0,inf,234,True,45,Voltage.Va,"ATE-Q int8, floor=learned",,
3,1,0,0.75,1.0,0.8571428571428571,1,1,1.0,0,0.0,0.0,0.017094017094017096,58.49999999999999,234,True,45,Voltage.Vb,"ATE-Q int8, floor=learned",,
5,0,0,1.0,1.0,1.0,1,1,1.0,0,0.0,0.0,0.021367521367521368,46.8,234,True,45,Voltage.Vc,"ATE-Q int8, floor=learned",,
5,0,0,1.0,1.0,1.0,1,1,1.0,0,0.0,0.0,0.021367521367521368,46.8,234,True,45,Current.Ia,"ATE-Q int8, floor=learned",,
5,0,0,1.0,1.0,1.0,1,1,1.0,0,0.0,0.0,0.021367521367521368,46.8,234,True,45,Current.Ib,"ATE-Q int8, floor=learned",,
6,1,0,0.8571428571428571,1.0,0.923076923076923,1,1,1.0,0,0.0,0.0,0.029914529914529916,33.42857142857143,234,True,45,Current.Ic,"ATE-Q int8, floor=learned",,
156,25,0,0.861878453038674,1.0,0.9258160237388724,2,2,1.0,0,0.0,0.0,0.7735042735042735,1.292817679558011,234,True,55,Voltage.Va,"ATE-Q int8, floor=learned",,
72,20,0,0.782608695652174,1.0,0.878048780487805,2,2,1.0,0,0.0,0.0,0.39316239316239315,2.5434782608695654,234,True,55,Voltage.Vb,"ATE-Q int8, floor=learned",,
41,19,5,0.6833333333333333,0.8913043478260869,0.7735849056603774,3,3,1.0,0,1.3333333333333333,11.111111111111109,0.2564102564102564,3.9000000000000004,234,True,55,Voltage.Vc,"ATE-Q int8, floor=learned",,
147,33,0,0.8166666666666667,1.0,0.8990825688073394,2,2,1.0,0,0.0,0.0,0.7758620689655172,1.288888888888889,232,True,55,Current.Ia,"ATE-Q int8, floor=learned",,
176,0,0,1.0,1.0,1.0,2,2,1.0,0,0.0,0.0,0.7553648068669528,1.3238636363636362,233,True,55,Current.Ib,"ATE-Q int8, floor=learned",,
70,109,0,0.39106145251396646,1.0,0.5622489959839357,2,2,1.0,0,0.0,0.0,0.8443396226415094,1.1843575418994414,212,True,55,Current.Ic,"ATE-Q int8, floor=learned",,
0,3,3,0.0,0.0,0.0,1,0,0.0,1,,,0.001567398119122257,638.0,1914,True,677,Voltage.Va,"ATE-Q int8, floor=learned",,
0,7,0,0.0,0.0,0.0,0,0,,1,,,0.0036572622779519333,273.42857142857144,1914,False,677,Voltage.Vb,"ATE-Q int8, floor=learned",,
0,0,0,0.0,0.0,0.0,0,0,,0,,,0.0,inf,1914,False,677,Voltage.Vc,"ATE-Q int8, floor=learned",,
24,1280,31,0.018404907975460124,0.43636363636363634,0.03532008830022075,5,5,1.0,1,3.6,30.000000000000004,0.7734282325029656,1.2929447852760736,1686,True,677,Current.Ia,"ATE-Q int8, floor=learned",,
55,1242,1,0.04240555127216654,0.9821428571428571,0.08130081300813008,4,4,1.0,0,0.25,2.0833333333333335,0.781796262808921,1.279105628373169,1659,True,677,Current.Ib,"ATE-Q int8, floor=learned",,
23,0,13,1.0,0.6388888888888888,0.7796610169491525,1,1,1.0,0,0.0,0.0,0.013947847180109158,71.69565217391305,1649,True,677,Current.Ic,"ATE-Q int8, floor=learned",,
0,0,0,0.0,0.0,0.0,0,0,,0,,,0.0,inf,1434,False,901,Voltage.Va,"ATE-Q int8, floor=learned",,
0,0,0,0.0,0.0,0.0,0,0,,0,,,0.0,inf,1434,False,901,Voltage.Vb,"ATE-Q int8, floor=learned",,
0,0,0,0.0,0.0,0.0,0,0,,0,,,0.0,inf,1434,False,901,Voltage.Vc,"ATE-Q int8, floor=learned",,
15,3,11,0.8333333333333334,0.5769230769230769,0.6818181818181818,3,2,0.6666666666666666,1,0.5,4.166666666666667,0.012552301255230125,79.66666666666667,1434,True,901,Current.Ia,"ATE-Q int8, floor=learned",,
0,0,0,0.0,0.0,0.0,0,0,,0,,,0.0,inf,1434,False,901,Current.Ib,"ATE-Q int8, floor=learned",,
0,0,0,0.0,0.0,0.0,0,0,,0,,,0.0,inf,1434,False,901,Current.Ic,"ATE-Q int8, floor=learned",,
0,0,0,0.0,0.0,0.0,0,0,,0,,,0.0,inf,1194,False,907,Voltage.Va,"ATE-Q int8, floor=learned",,
5,0,0,1.0,1.0,1.0,1,1,1.0,0,0.0,0.0,0.0041876046901172526,238.8,1194,True,907,Voltage.Vb,"ATE-Q int8, floor=learned",,
5,0,0,1.0,1.0,1.0,1,1,1.0,0,0.0,0.0,0.0041876046901172526,238.8,1194,True,907,Voltage.Vc,"ATE-Q int8, floor=learned",,
0,0,0,0.0,0.0,0.0,0,0,,0,,,0.0,inf,1194,False,907,Current.Ia,"ATE-Q int8, floor=learned",,
6,0,0,1.0,1.0,1.0,1,1,1.0,0,0.0,0.0,0.005025125628140704,199.0,1194,True,907,Current.Ib,"ATE-Q int8, floor=learned",,
6,0,0,1.0,1.0,1.0,1,1,1.0,0,0.0,0.0,0.005025125628140704,199.0,1194,True,907,Current.Ic,"ATE-Q int8, floor=learned",,
0,0,0,0.0,0.0,0.0,0,0,,0,,,0.0,inf,23,False,971,Voltage.Va,"ATE-Q int8, floor=learned",,
0,0,0,0.0,0.0,0.0,0,0,,0,,,0.0,inf,23,False,971,Voltage.Vb,"ATE-Q int8, floor=learned",,
0,0,0,0.0,0.0,0.0,0,0,,0,,,0.0,inf,23,False,971,Voltage.Vc,"ATE-Q int8, floor=learned",,
4,1,0,0.8,1.0,0.888888888888889,1,1,1.0,0,0.0,0.0,0.21739130434782608,4.6000000000000005,23,True,971,Current.Ia,"ATE-Q int8, floor=learned",,
2,0,1,1.0,0.6666666666666666,0.8,1,1,1.0,0,1.0,8.333333333333334,0.09090909090909091,11.0,22,True,971,Current.Ib,"ATE-Q int8, floor=learned",,
4,0,0,1.0,1.0,1.0,1,1,1.0,0,0.0,0.0,0.17391304347826086,5.75,23,True,971,Current.Ic,"ATE-Q int8, floor=learned",,
5,0,0,1.0,1.0,1.0,1,1,1.0,0,0.0,0.0,0.021367521367521368,46.8,234,True,45,Voltage.Va,"ATE-S int8, floor=learned",,
3,1,0,0.75,1.0,0.8571428571428571,1,1,1.0,0,0.0,0.0,0.017094017094017096,58.49999999999999,234,True,45,Voltage.Vb,"ATE-S int8, floor=learned",,
5,0,0,1.0,1.0,1.0,1,1,1.0,0,0.0,0.0,0.021367521367521368,46.8,234,True,45,Voltage.Vc,"ATE-S int8, floor=learned",,
5,0,0,1.0,1.0,1.0,1,1,1.0,0,0.0,0.0,0.021367521367521368,46.8,234,True,45,Current.Ia,"ATE-S int8, floor=learned",,
5,0,0,1.0,1.0,1.0,1,1,1.0,0,0.0,0.0,0.021367521367521368,46.8,234,True,45,Current.Ib,"ATE-S int8, floor=learned",,
6,1,0,0.8571428571428571,1.0,0.923076923076923,1,1,1.0,0,0.0,0.0,0.029914529914529916,33.42857142857143,234,True,45,Current.Ic,"ATE-S int8, floor=learned",,
156,25,0,0.861878453038674,1.0,0.9258160237388724,2,2,1.0,0,0.0,0.0,0.7735042735042735,1.292817679558011,234,True,55,Voltage.Va,"ATE-S int8, floor=learned",,
72,20,0,0.782608695652174,1.0,0.878048780487805,2,2,1.0,0,0.0,0.0,0.39316239316239315,2.5434782608695654,234,True,55,Voltage.Vb,"ATE-S int8, floor=learned",,
45,28,1,0.6164383561643836,0.9782608695652174,0.7563025210084033,3,3,1.0,0,0.0,0.0,0.31196581196581197,3.2054794520547945,234,True,55,Voltage.Vc,"ATE-S int8, floor=learned",,
147,33,0,0.8166666666666667,1.0,0.8990825688073394,2,2,1.0,0,0.0,0.0,0.7758620689655172,1.288888888888889,232,True,55,Current.Ia,"ATE-S int8, floor=learned",,
176,0,0,1.0,1.0,1.0,2,2,1.0,0,0.0,0.0,0.7553648068669528,1.3238636363636362,233,True,55,Current.Ib,"ATE-S int8, floor=learned",,
70,109,0,0.39106145251396646,1.0,0.5622489959839357,2,2,1.0,0,0.0,0.0,0.8443396226415094,1.1843575418994414,212,True,55,Current.Ic,"ATE-S int8, floor=learned",,
3,20,0,0.13043478260869565,1.0,0.23076923076923078,1,1,1.0,3,0.0,0.0,0.012016718913270637,83.21739130434783,1914,True,677,Voltage.Va,"ATE-S int8, floor=learned",,
0,14,0,0.0,0.0,0.0,0,0,,1,,,0.0073145245559038665,136.71428571428572,1914,False,677,Voltage.Vb,"ATE-S int8, floor=learned",,
0,0,0,0.0,0.0,0.0,0,0,,0,,,0.0,inf,1914,False,677,Voltage.Vc,"ATE-S int8, floor=learned",,
30,1280,25,0.022900763358778626,0.5454545454545454,0.04395604395604395,5,5,1.0,1,3.6,30.000000000000004,0.7769869513641756,1.2870229007633587,1686,True,677,Current.Ia,"ATE-S int8, floor=learned",,
55,1242,1,0.04240555127216654,0.9821428571428571,0.08130081300813008,4,4,1.0,0,0.25,2.0833333333333335,0.781796262808921,1.279105628373169,1659,True,677,Current.Ib,"ATE-S int8, floor=learned",,
23,0,13,1.0,0.6388888888888888,0.7796610169491525,1,1,1.0,0,0.0,0.0,0.013947847180109158,71.69565217391305,1649,True,677,Current.Ic,"ATE-S int8, floor=learned",,
0,0,0,0.0,0.0,0.0,0,0,,0,,,0.0,inf,1434,False,901,Voltage.Va,"ATE-S int8, floor=learned",,
0,0,0,0.0,0.0,0.0,0,0,,0,,,0.0,inf,1434,False,901,Voltage.Vb,"ATE-S int8, floor=learned",,
0,0,0,0.0,0.0,0.0,0,0,,0,,,0.0,inf,1434,False,901,Voltage.Vc,"ATE-S int8, floor=learned",,
17,3,9,0.85,0.6538461538461539,0.7391304347826088,3,2,0.6666666666666666,1,0.5,4.166666666666667,0.01394700139470014,71.7,1434,True,901,Current.Ia,"ATE-S int8, floor=learned",,
0,0,0,0.0,0.0,0.0,0,0,,0,,,0.0,inf,1434,False,901,Current.Ib,"ATE-S int8, floor=learned",,
0,0,0,0.0,0.0,0.0,0,0,,0,,,0.0,inf,1434,False,901,Current.Ic,"ATE-S int8, floor=learned",,
0,0,0,0.0,0.0,0.0,0,0,,0,,,0.0,inf,1194,False,907,Voltage.Va,"ATE-S int8, floor=learned",,
5,0,0,1.0,1.0,1.0,1,1,1.0,0,0.0,0.0,0.0041876046901172526,238.8,1194,True,907,Voltage.Vb,"ATE-S int8, floor=learned",,
5,0,0,1.0,1.0,1.0,1,1,1.0,0,0.0,0.0,0.0041876046901172526,238.8,1194,True,907,Voltage.Vc,"ATE-S int8, floor=learned",,
0,0,0,0.0,0.0,0.0,0,0,,0,,,0.0,inf,1194,False,907,Current.Ia,"ATE-S int8, floor=learned",,
6,0,0,1.0,1.0,1.0,1,1,1.0,0,0.0,0.0,0.005025125628140704,199.0,1194,True,907,Current.Ib,"ATE-S int8, floor=learned",,
6,0,0,1.0,1.0,1.0,1,1,1.0,0,0.0,0.0,0.005025125628140704,199.0,1194,True,907,Current.Ic,"ATE-S int8, floor=learned",,
0,0,0,0.0,0.0,0.0,0,0,,0,,,0.0,inf,23,False,971,Voltage.Va,"ATE-S int8, floor=learned",,
0,0,0,0.0,0.0,0.0,0,0,,0,,,0.0,inf,23,False,971,Voltage.Vb,"ATE-S int8, floor=learned",,
0,0,0,0.0,0.0,0.0,0,0,,0,,,0.0,inf,23,False,971,Voltage.Vc,"ATE-S int8, floor=learned",,
4,1,0,0.8,1.0,0.888888888888889,1,1,1.0,0,0.0,0.0,0.21739130434782608,4.6000000000000005,23,True,971,Current.Ia,"ATE-S int8, floor=learned",,
2,0,1,1.0,0.6666666666666666,0.8,1,1,1.0,0,1.0,8.333333333333334,0.09090909090909091,11.0,22,True,971,Current.Ib,"ATE-S int8, floor=learned",,
4,0,0,1.0,1.0,1.0,1,1,1.0,0,0.0,0.0,0.17391304347826086,5.75,23,True,971,Current.Ic,"ATE-S int8, floor=learned",,
0,0,5,0.0,0.0,0.0,1,0,0.0,0,,,0.0,inf,234,True,45,Voltage.Va,"ATE-M int8, floor=learned",,
3,1,0,0.75,1.0,0.8571428571428571,1,1,1.0,0,0.0,0.0,0.017094017094017096,58.49999999999999,234,True,45,Voltage.Vb,"ATE-M int8, floor=learned",,
5,0,0,1.0,1.0,1.0,1,1,1.0,0,0.0,0.0,0.021367521367521368,46.8,234,True,45,Voltage.Vc,"ATE-M int8, floor=learned",,
5,0,0,1.0,1.0,1.0,1,1,1.0,0,0.0,0.0,0.021367521367521368,46.8,234,True,45,Current.Ia,"ATE-M int8, floor=learned",,
5,0,0,1.0,1.0,1.0,1,1,1.0,0,0.0,0.0,0.021367521367521368,46.8,234,True,45,Current.Ib,"ATE-M int8, floor=learned",,
6,1,0,0.8571428571428571,1.0,0.923076923076923,1,1,1.0,0,0.0,0.0,0.029914529914529916,33.42857142857143,234,True,45,Current.Ic,"ATE-M int8, floor=learned",,
156,25,0,0.861878453038674,1.0,0.9258160237388724,2,2,1.0,0,0.0,0.0,0.7735042735042735,1.292817679558011,234,True,55,Voltage.Va,"ATE-M int8, floor=learned",,
72,20,0,0.782608695652174,1.0,0.878048780487805,2,2,1.0,0,0.0,0.0,0.39316239316239315,2.5434782608695654,234,True,55,Voltage.Vb,"ATE-M int8, floor=learned",,
41,27,5,0.6029411764705882,0.8913043478260869,0.719298245614035,3,3,1.0,0,1.3333333333333333,11.111111111111109,0.2905982905982906,3.441176470588235,234,True,55,Voltage.Vc,"ATE-M int8, floor=learned",,
147,33,0,0.8166666666666667,1.0,0.8990825688073394,2,2,1.0,0,0.0,0.0,0.7758620689655172,1.288888888888889,232,True,55,Current.Ia,"ATE-M int8, floor=learned",,
176,0,0,1.0,1.0,1.0,2,2,1.0,0,0.0,0.0,0.7553648068669528,1.3238636363636362,233,True,55,Current.Ib,"ATE-M int8, floor=learned",,
70,109,0,0.39106145251396646,1.0,0.5622489959839357,2,2,1.0,0,0.0,0.0,0.8443396226415094,1.1843575418994414,212,True,55,Current.Ic,"ATE-M int8, floor=learned",,
0,3,3,0.0,0.0,0.0,1,0,0.0,1,,,0.001567398119122257,638.0,1914,True,677,Voltage.Va,"ATE-M int8, floor=learned",,
0,14,0,0.0,0.0,0.0,0,0,,1,,,0.0073145245559038665,136.71428571428572,1914,False,677,Voltage.Vb,"ATE-M int8, floor=learned",,
0,0,0,0.0,0.0,0.0,0,0,,0,,,0.0,inf,1914,False,677,Voltage.Vc,"ATE-M int8, floor=learned",,
42,1280,13,0.03177004538577912,0.7636363636363637,0.061002178649237467,5,5,1.0,1,2.4,20.0,0.7841043890865955,1.275340393343419,1686,True,677,Current.Ia,"ATE-M int8, floor=learned",,
55,1242,1,0.04240555127216654,0.9821428571428571,0.08130081300813008,4,4,1.0,0,0.25,2.0833333333333335,0.781796262808921,1.279105628373169,1659,True,677,Current.Ib,"ATE-M int8, floor=learned",,
23,0,13,1.0,0.6388888888888888,0.7796610169491525,1,1,1.0,0,0.0,0.0,0.013947847180109158,71.69565217391305,1649,True,677,Current.Ic,"ATE-M int8, floor=learned",,
0,0,0,0.0,0.0,0.0,0,0,,0,,,0.0,inf,1434,False,901,Voltage.Va,"ATE-M int8, floor=learned",,
0,0,0,0.0,0.0,0.0,0,0,,0,,,0.0,inf,1434,False,901,Voltage.Vb,"ATE-M int8, floor=learned",,
0,0,0,0.0,0.0,0.0,0,0,,0,,,0.0,inf,1434,False,901,Voltage.Vc,"ATE-M int8, floor=learned",,
16,3,10,0.8421052631578947,0.6153846153846154,0.7111111111111111,3,2,0.6666666666666666,1,0.5,4.166666666666667,0.013249651324965132,75.47368421052632,1434,True,901,Current.Ia,"ATE-M int8, floor=learned",,
0,0,0,0.0,0.0,0.0,0,0,,0,,,0.0,inf,1434,False,901,Current.Ib,"ATE-M int8, floor=learned",,
0,0,0,0.0,0.0,0.0,0,0,,0,,,0.0,inf,1434,False,901,Current.Ic,"ATE-M int8, floor=learned",,
0,0,0,0.0,0.0,0.0,0,0,,0,,,0.0,inf,1194,False,907,Voltage.Va,"ATE-M int8, floor=learned",,
5,0,0,1.0,1.0,1.0,1,1,1.0,0,0.0,0.0,0.0041876046901172526,238.8,1194,True,907,Voltage.Vb,"ATE-M int8, floor=learned",,
5,0,0,1.0,1.0,1.0,1,1,1.0,0,0.0,0.0,0.0041876046901172526,238.8,1194,True,907,Voltage.Vc,"ATE-M int8, floor=learned",,
0,0,0,0.0,0.0,0.0,0,0,,0,,,0.0,inf,1194,False,907,Current.Ia,"ATE-M int8, floor=learned",,
6,0,0,1.0,1.0,1.0,1,1,1.0,0,0.0,0.0,0.005025125628140704,199.0,1194,True,907,Current.Ib,"ATE-M int8, floor=learned",,
6,0,0,1.0,1.0,1.0,1,1,1.0,0,0.0,0.0,0.005025125628140704,199.0,1194,True,907,Current.Ic,"ATE-M int8, floor=learned",,
0,0,0,0.0,0.0,0.0,0,0,,0,,,0.0,inf,23,False,971,Voltage.Va,"ATE-M int8, floor=learned",,
0,0,0,0.0,0.0,0.0,0,0,,0,,,0.0,inf,23,False,971,Voltage.Vb,"ATE-M int8, floor=learned",,
0,0,0,0.0,0.0,0.0,0,0,,0,,,0.0,inf,23,False,971,Voltage.Vc,"ATE-M int8, floor=learned",,
4,1,0,0.8,1.0,0.888888888888889,1,1,1.0,0,0.0,0.0,0.21739130434782608,4.6000000000000005,23,True,971,Current.Ia,"ATE-M int8, floor=learned",,
2,0,1,1.0,0.6666666666666666,0.8,1,1,1.0,0,1.0,8.333333333333334,0.09090909090909091,11.0,22,True,971,Current.Ib,"ATE-M int8, floor=learned",,
4,0,0,1.0,1.0,1.0,1,1,1.0,0,0.0,0.0,0.17391304347826086,5.75,23,True,971,Current.Ic,"ATE-M int8, floor=learned",,
0,0,5,0.0,0.0,0.0,1,0,0.0,0,,,0.0,inf,234,True,45,Voltage.Va,"ATE-Q int8, floor=none",,
3,2,0,0.6,1.0,0.7499999999999999,1,1,1.0,0,0.0,0.0,0.021367521367521368,46.8,234,True,45,Voltage.Vb,"ATE-Q int8, floor=none",,
5,0,0,1.0,1.0,1.0,1,1,1.0,0,0.0,0.0,0.021367521367521368,46.8,234,True,45,Voltage.Vc,"ATE-Q int8, floor=none",,
5,0,0,1.0,1.0,1.0,1,1,1.0,0,0.0,0.0,0.021367521367521368,46.8,234,True,45,Current.Ia,"ATE-Q int8, floor=none",,
5,0,0,1.0,1.0,1.0,1,1,1.0,0,0.0,0.0,0.021367521367521368,46.8,234,True,45,Current.Ib,"ATE-Q int8, floor=none",,
6,1,0,0.8571428571428571,1.0,0.923076923076923,1,1,1.0,0,0.0,0.0,0.029914529914529916,33.42857142857143,234,True,45,Current.Ic,"ATE-Q int8, floor=none",,
156,25,0,0.861878453038674,1.0,0.9258160237388724,2,2,1.0,0,0.0,0.0,0.7735042735042735,1.292817679558011,234,True,55,Voltage.Va,"ATE-Q int8, floor=none",,
72,65,0,0.5255474452554745,1.0,0.6889952153110048,2,2,1.0,0,0.0,0.0,0.5854700854700855,1.7080291970802919,234,True,55,Voltage.Vb,"ATE-Q int8, floor=none",,
41,19,5,0.6833333333333333,0.8913043478260869,0.7735849056603774,3,3,1.0,0,1.3333333333333333,11.111111111111109,0.2564102564102564,3.9000000000000004,234,True,55,Voltage.Vc,"ATE-Q int8, floor=none",,
147,33,0,0.8166666666666667,1.0,0.8990825688073394,2,2,1.0,0,0.0,0.0,0.7758620689655172,1.288888888888889,232,True,55,Current.Ia,"ATE-Q int8, floor=none",,
176,0,0,1.0,1.0,1.0,2,2,1.0,0,0.0,0.0,0.7553648068669528,1.3238636363636362,233,True,55,Current.Ib,"ATE-Q int8, floor=none",,
70,109,0,0.39106145251396646,1.0,0.5622489959839357,2,2,1.0,0,0.0,0.0,0.8443396226415094,1.1843575418994414,212,True,55,Current.Ic,"ATE-Q int8, floor=none",,
0,6,3,0.0,0.0,0.0,1,0,0.0,2,,,0.003134796238244514,319.0,1914,True,677,Voltage.Va,"ATE-Q int8, floor=none",,
0,12,0,0.0,0.0,0.0,0,0,,3,,,0.006269592476489028,159.5,1914,False,677,Voltage.Vb,"ATE-Q int8, floor=none",,
0,0,0,0.0,0.0,0.0,0,0,,0,,,0.0,inf,1914,False,677,Voltage.Vc,"ATE-Q int8, floor=none",,
55,1342,0,0.03937007874015748,1.0,0.07575757575757576,5,5,1.0,1,0.0,0.0,0.8285883748517201,1.206871868289191,1686,True,677,Current.Ia,"ATE-Q int8, floor=none",,
55,1247,1,0.042242703533026116,0.9821428571428571,0.08100147275405009,4,4,1.0,1,0.25,2.0833333333333335,0.7848101265822784,1.2741935483870968,1659,True,677,Current.Ib,"ATE-Q int8, floor=none",,
25,9,11,0.7352941176470589,0.6944444444444444,0.7142857142857144,1,1,1.0,1,0.0,0.0,0.020618556701030927,48.5,1649,True,677,Current.Ic,"ATE-Q int8, floor=none",,
0,0,0,0.0,0.0,0.0,0,0,,0,,,0.0,inf,1434,False,901,Voltage.Va,"ATE-Q int8, floor=none",,
0,0,0,0.0,0.0,0.0,0,0,,0,,,0.0,inf,1434,False,901,Voltage.Vb,"ATE-Q int8, floor=none",,
0,0,0,0.0,0.0,0.0,0,0,,0,,,0.0,inf,1434,False,901,Voltage.Vc,"ATE-Q int8, floor=none",,
26,70,0,0.2708333333333333,1.0,0.4262295081967213,3,3,1.0,0,0.0,0.0,0.06694560669456066,14.937500000000002,1434,True,901,Current.Ia,"ATE-Q int8, floor=none",,
0,0,0,0.0,0.0,0.0,0,0,,0,,,0.0,inf,1434,False,901,Current.Ib,"ATE-Q int8, floor=none",,
0,0,0,0.0,0.0,0.0,0,0,,0,,,0.0,inf,1434,False,901,Current.Ic,"ATE-Q int8, floor=none",,
0,0,0,0.0,0.0,0.0,0,0,,0,,,0.0,inf,1194,False,907,Voltage.Va,"ATE-Q int8, floor=none",,
5,0,0,1.0,1.0,1.0,1,1,1.0,0,0.0,0.0,0.0041876046901172526,238.8,1194,True,907,Voltage.Vb,"ATE-Q int8, floor=none",,
5,0,0,1.0,1.0,1.0,1,1,1.0,0,0.0,0.0,0.0041876046901172526,238.8,1194,True,907,Voltage.Vc,"ATE-Q int8, floor=none",,
0,0,0,0.0,0.0,0.0,0,0,,0,,,0.0,inf,1194,False,907,Current.Ia,"ATE-Q int8, floor=none",,
6,0,0,1.0,1.0,1.0,1,1,1.0,0,0.0,0.0,0.005025125628140704,199.0,1194,True,907,Current.Ib,"ATE-Q int8, floor=none",,
6,8,0,0.42857142857142855,1.0,0.6,1,1,1.0,0,0.0,0.0,0.011725293132328308,85.28571428571429,1194,True,907,Current.Ic,"ATE-Q int8, floor=none",,
0,0,0,0.0,0.0,0.0,0,0,,0,,,0.0,inf,23,False,971,Voltage.Va,"ATE-Q int8, floor=none",,
0,0,0,0.0,0.0,0.0,0,0,,0,,,0.0,inf,23,False,971,Voltage.Vb,"ATE-Q int8, floor=none",,
0,0,0,0.0,0.0,0.0,0,0,,0,,,0.0,inf,23,False,971,Voltage.Vc,"ATE-Q int8, floor=none",,
4,2,0,0.6666666666666666,1.0,0.8,1,1,1.0,0,0.0,0.0,0.2608695652173913,3.8333333333333335,23,True,971,Current.Ia,"ATE-Q int8, floor=none",,
3,3,0,0.5,1.0,0.6666666666666666,1,1,1.0,0,0.0,0.0,0.2727272727272727,3.666666666666667,22,True,971,Current.Ib,"ATE-Q int8, floor=none",,
4,2,0,0.6666666666666666,1.0,0.8,1,1,1.0,0,0.0,0.0,0.2608695652173913,3.8333333333333335,23,True,971,Current.Ic,"ATE-Q int8, floor=none",,
5,0,0,1.0,1.0,1.0,1,1,1.0,0,0.0,0.0,0.021367521367521368,46.8,234,True,45,Voltage.Va,"ATE-S int8, floor=none",,
3,1,0,0.75,1.0,0.8571428571428571,1,1,1.0,0,0.0,0.0,0.017094017094017096,58.49999999999999,234,True,45,Voltage.Vb,"ATE-S int8, floor=none",,
5,0,0,1.0,1.0,1.0,1,1,1.0,0,0.0,0.0,0.021367521367521368,46.8,234,True,45,Voltage.Vc,"ATE-S int8, floor=none",,
5,0,0,1.0,1.0,1.0,1,1,1.0,0,0.0,0.0,0.021367521367521368,46.8,234,True,45,Current.Ia,"ATE-S int8, floor=none",,
5,0,0,1.0,1.0,1.0,1,1,1.0,0,0.0,0.0,0.021367521367521368,46.8,234,True,45,Current.Ib,"ATE-S int8, floor=none",,
6,1,0,0.8571428571428571,1.0,0.923076923076923,1,1,1.0,0,0.0,0.0,0.029914529914529916,33.42857142857143,234,True,45,Current.Ic,"ATE-S int8, floor=none",,
156,25,0,0.861878453038674,1.0,0.9258160237388724,2,2,1.0,0,0.0,0.0,0.7735042735042735,1.292817679558011,234,True,55,Voltage.Va,"ATE-S int8, floor=none",,
72,66,0,0.5217391304347826,1.0,0.6857142857142856,2,2,1.0,0,0.0,0.0,0.5897435897435898,1.6956521739130435,234,True,55,Voltage.Vb,"ATE-S int8, floor=none",,
46,37,0,0.5542168674698795,1.0,0.7131782945736435,3,3,1.0,0,0.0,0.0,0.3547008547008547,2.819277108433735,234,True,55,Voltage.Vc,"ATE-S int8, floor=none",,
147,33,0,0.8166666666666667,1.0,0.8990825688073394,2,2,1.0,0,0.0,0.0,0.7758620689655172,1.288888888888889,232,True,55,Current.Ia,"ATE-S int8, floor=none",,
176,0,0,1.0,1.0,1.0,2,2,1.0,0,0.0,0.0,0.7553648068669528,1.3238636363636362,233,True,55,Current.Ib,"ATE-S int8, floor=none",,
70,109,0,0.39106145251396646,1.0,0.5622489959839357,2,2,1.0,0,0.0,0.0,0.8443396226415094,1.1843575418994414,212,True,55,Current.Ic,"ATE-S int8, floor=none",,
3,46,0,0.061224489795918366,1.0,0.11538461538461538,1,1,1.0,3,0.0,0.0,0.025600835945663532,39.06122448979592,1914,True,677,Voltage.Va,"ATE-S int8, floor=none",,
0,19,0,0.0,0.0,0.0,0,0,,1,,,0.009926854754440962,100.73684210526315,1914,False,677,Voltage.Vb,"ATE-S int8, floor=none",,
0,0,0,0.0,0.0,0.0,0,0,,0,,,0.0,inf,1914,False,677,Voltage.Vc,"ATE-S int8, floor=none",,
30,1287,25,0.022779043280182234,0.5454545454545454,0.04373177842565598,5,5,1.0,0,3.6,30.000000000000004,0.7811387900355872,1.2801822323462415,1686,True,677,Current.Ia,"ATE-S int8, floor=none",,
55,1244,1,0.042340261739799843,0.9821428571428571,0.08118081180811808,4,4,1.0,1,0.25,2.0833333333333335,0.783001808318264,1.277136258660508,1659,True,677,Current.Ib,"ATE-S int8, floor=none",,
24,2,12,0.9230769230769231,0.6666666666666666,0.7741935483870968,1,1,1.0,1,0.0,0.0,0.015767131594906003,63.42307692307693,1649,True,677,Current.Ic,"ATE-S int8, floor=none",,
0,0,0,0.0,0.0,0.0,0,0,,0,,,0.0,inf,1434,False,901,Voltage.Va,"ATE-S int8, floor=none",,
0,0,0,0.0,0.0,0.0,0,0,,0,,,0.0,inf,1434,False,901,Voltage.Vb,"ATE-S int8, floor=none",,
0,0,0,0.0,0.0,0.0,0,0,,0,,,0.0,inf,1434,False,901,Voltage.Vc,"ATE-S int8, floor=none",,
24,19,2,0.5581395348837209,0.9230769230769231,0.6956521739130436,3,3,1.0,1,0.6666666666666666,5.5555555555555545,0.0299860529986053,33.348837209302324,1434,True,901,Current.Ia,"ATE-S int8, floor=none",,
0,0,0,0.0,0.0,0.0,0,0,,0,,,0.0,inf,1434,False,901,Current.Ib,"ATE-S int8, floor=none",,
0,0,0,0.0,0.0,0.0,0,0,,0,,,0.0,inf,1434,False,901,Current.Ic,"ATE-S int8, floor=none",,
0,0,0,0.0,0.0,0.0,0,0,,0,,,0.0,inf,1194,False,907,Voltage.Va,"ATE-S int8, floor=none",,
5,0,0,1.0,1.0,1.0,1,1,1.0,0,0.0,0.0,0.0041876046901172526,238.8,1194,True,907,Voltage.Vb,"ATE-S int8, floor=none",,
5,0,0,1.0,1.0,1.0,1,1,1.0,0,0.0,0.0,0.0041876046901172526,238.8,1194,True,907,Voltage.Vc,"ATE-S int8, floor=none",,
0,0,0,0.0,0.0,0.0,0,0,,0,,,0.0,inf,1194,False,907,Current.Ia,"ATE-S int8, floor=none",,
6,0,0,1.0,1.0,1.0,1,1,1.0,0,0.0,0.0,0.005025125628140704,199.0,1194,True,907,Current.Ib,"ATE-S int8, floor=none",,
6,0,0,1.0,1.0,1.0,1,1,1.0,0,0.0,0.0,0.005025125628140704,199.0,1194,True,907,Current.Ic,"ATE-S int8, floor=none",,
0,0,0,0.0,0.0,0.0,0,0,,0,,,0.0,inf,23,False,971,Voltage.Va,"ATE-S int8, floor=none",,
0,0,0,0.0,0.0,0.0,0,0,,0,,,0.0,inf,23,False,971,Voltage.Vb,"ATE-S int8, floor=none",,
0,0,0,0.0,0.0,0.0,0,0,,0,,,0.0,inf,23,False,971,Voltage.Vc,"ATE-S int8, floor=none",,
4,1,0,0.8,1.0,0.888888888888889,1,1,1.0,0,0.0,0.0,0.21739130434782608,4.6000000000000005,23,True,971,Current.Ia,"ATE-S int8, floor=none",,
3,1,0,0.75,1.0,0.8571428571428571,1,1,1.0,0,0.0,0.0,0.18181818181818182,5.5,22,True,971,Current.Ib,"ATE-S int8, floor=none",,
4,0,0,1.0,1.0,1.0,1,1,1.0,0,0.0,0.0,0.17391304347826086,5.75,23,True,971,Current.Ic,"ATE-S int8, floor=none",,
0,0,5,0.0,0.0,0.0,1,0,0.0,0,,,0.0,inf,234,True,45,Voltage.Va,"ATE-M int8, floor=none",,
3,1,0,0.75,1.0,0.8571428571428571,1,1,1.0,0,0.0,0.0,0.017094017094017096,58.49999999999999,234,True,45,Voltage.Vb,"ATE-M int8, floor=none",,
5,0,0,1.0,1.0,1.0,1,1,1.0,0,0.0,0.0,0.021367521367521368,46.8,234,True,45,Voltage.Vc,"ATE-M int8, floor=none",,
5,0,0,1.0,1.0,1.0,1,1,1.0,0,0.0,0.0,0.021367521367521368,46.8,234,True,45,Current.Ia,"ATE-M int8, floor=none",,
5,0,0,1.0,1.0,1.0,1,1,1.0,0,0.0,0.0,0.021367521367521368,46.8,234,True,45,Current.Ib,"ATE-M int8, floor=none",,
6,16,0,0.2727272727272727,1.0,0.42857142857142855,1,1,1.0,0,0.0,0.0,0.09401709401709402,10.636363636363637,234,True,45,Current.Ic,"ATE-M int8, floor=none",,
156,25,0,0.861878453038674,1.0,0.9258160237388724,2,2,1.0,0,0.0,0.0,0.7735042735042735,1.292817679558011,234,True,55,Voltage.Va,"ATE-M int8, floor=none",,
72,95,0,0.4311377245508982,1.0,0.602510460251046,2,2,1.0,0,0.0,0.0,0.7136752136752137,1.401197604790419,234,True,55,Voltage.Vb,"ATE-M int8, floor=none",,
41,33,5,0.5540540540540541,0.8913043478260869,0.6833333333333333,3,3,1.0,0,1.3333333333333333,11.111111111111109,0.3162393162393162,3.1621621621621623,234,True,55,Voltage.Vc,"ATE-M int8, floor=none",,
147,33,0,0.8166666666666667,1.0,0.8990825688073394,2,2,1.0,0,0.0,0.0,0.7758620689655172,1.288888888888889,232,True,55,Current.Ia,"ATE-M int8, floor=none",,
176,1,0,0.9943502824858758,1.0,0.9971671388101983,2,2,1.0,0,0.0,0.0,0.759656652360515,1.3163841807909604,233,True,55,Current.Ib,"ATE-M int8, floor=none",,
70,109,0,0.39106145251396646,1.0,0.5622489959839357,2,2,1.0,0,0.0,0.0,0.8443396226415094,1.1843575418994414,212,True,55,Current.Ic,"ATE-M int8, floor=none",,
0,5,3,0.0,0.0,0.0,1,0,0.0,2,,,0.002612330198537095,382.8,1914,True,677,Voltage.Va,"ATE-M int8, floor=none",,
0,20,0,0.0,0.0,0.0,0,0,,1,,,0.01044932079414838,95.7,1914,False,677,Voltage.Vb,"ATE-M int8, floor=none",,
0,0,0,0.0,0.0,0.0,0,0,,0,,,0.0,inf,1914,False,677,Voltage.Vc,"ATE-M int8, floor=none",,
55,1361,0,0.03884180790960452,1.0,0.07477906186267846,5,5,1.0,0,0.0,0.0,0.8398576512455516,1.190677966101695,1686,True,677,Current.Ia,"ATE-M int8, floor=none",,
56,1358,0,0.039603960396039604,1.0,0.07619047619047618,4,4,1.0,4,0.0,0.0,0.8523206751054853,1.1732673267326732,1659,True,677,Current.Ib,"ATE-M int8, floor=none",,
36,512,0,0.06569343065693431,1.0,0.12328767123287672,1,1,1.0,10,0.0,0.0,0.3323226197695573,3.009124087591241,1649,True,677,Current.Ic,"ATE-M int8, floor=none",,
0,0,0,0.0,0.0,0.0,0,0,,0,,,0.0,inf,1434,False,901,Voltage.Va,"ATE-M int8, floor=none",,
0,0,0,0.0,0.0,0.0,0,0,,0,,,0.0,inf,1434,False,901,Voltage.Vb,"ATE-M int8, floor=none",,
0,0,0,0.0,0.0,0.0,0,0,,0,,,0.0,inf,1434,False,901,Voltage.Vc,"ATE-M int8, floor=none",,
25,48,1,0.3424657534246575,0.9615384615384616,0.5050505050505051,3,3,1.0,0,0.3333333333333333,2.7777777777777772,0.05090655509065551,19.643835616438356,1434,True,901,Current.Ia,"ATE-M int8, floor=none",,
0,0,0,0.0,0.0,0.0,0,0,,0,,,0.0,inf,1434,False,901,Current.Ib,"ATE-M int8, floor=none",,
0,0,0,0.0,0.0,0.0,0,0,,0,,,0.0,inf,1434,False,901,Current.Ic,"ATE-M int8, floor=none",,
0,201,0,0.0,0.0,0.0,0,0,,201,,,0.16834170854271358,5.940298507462686,1194,False,907,Voltage.Va,"ATE-M int8, floor=none",,
5,0,0,1.0,1.0,1.0,1,1,1.0,0,0.0,0.0,0.0041876046901172526,238.8,1194,True,907,Voltage.Vb,"ATE-M int8, floor=none",,
5,0,0,1.0,1.0,1.0,1,1,1.0,0,0.0,0.0,0.0041876046901172526,238.8,1194,True,907,Voltage.Vc,"ATE-M int8, floor=none",,
0,0,0,0.0,0.0,0.0,0,0,,0,,,0.0,inf,1194,False,907,Current.Ia,"ATE-M int8, floor=none",,
6,25,0,0.1935483870967742,1.0,0.3243243243243243,1,1,1.0,23,0.0,0.0,0.025963149078726967,38.516129032258064,1194,True,907,Current.Ib,"ATE-M int8, floor=none",,
6,16,0,0.2727272727272727,1.0,0.42857142857142855,1,1,1.0,0,0.0,0.0,0.018425460636515914,54.272727272727266,1194,True,907,Current.Ic,"ATE-M int8, floor=none",,
0,0,0,0.0,0.0,0.0,0,0,,0,,,0.0,inf,23,False,971,Voltage.Va,"ATE-M int8, floor=none",,
0,0,0,0.0,0.0,0.0,0,0,,0,,,0.0,inf,23,False,971,Voltage.Vb,"ATE-M int8, floor=none",,
0,0,0,0.0,0.0,0.0,0,0,,0,,,0.0,inf,23,False,971,Voltage.Vc,"ATE-M int8, floor=none",,
4,4,0,0.5,1.0,0.6666666666666666,1,1,1.0,0,0.0,0.0,0.34782608695652173,2.875,23,True,971,Current.Ia,"ATE-M int8, floor=none",,
3,2,0,0.6,1.0,0.7499999999999999,1,1,1.0,0,0.0,0.0,0.22727272727272727,4.4,22,True,971,Current.Ib,"ATE-M int8, floor=none",,
4,2,0,0.6666666666666666,1.0,0.8,1,1,1.0,0,0.0,0.0,0.2608695652173913,3.8333333333333335,23,True,971,Current.Ic,"ATE-M int8, floor=none",,
0,0,5,0.0,0.0,0.0,1,0,0.0,0,,,0.0,inf,234,True,45,Voltage.Va,"ATE-Q float, floor=learned",,
3,1,0,0.75,1.0,0.8571428571428571,1,1,1.0,0,0.0,0.0,0.017094017094017096,58.49999999999999,234,True,45,Voltage.Vb,"ATE-Q float, floor=learned",,
5,0,0,1.0,1.0,1.0,1,1,1.0,0,0.0,0.0,0.021367521367521368,46.8,234,True,45,Voltage.Vc,"ATE-Q float, floor=learned",,
5,0,0,1.0,1.0,1.0,1,1,1.0,0,0.0,0.0,0.021367521367521368,46.8,234,True,45,Current.Ia,"ATE-Q float, floor=learned",,
5,0,0,1.0,1.0,1.0,1,1,1.0,0,0.0,0.0,0.021367521367521368,46.8,234,True,45,Current.Ib,"ATE-Q float, floor=learned",,
6,1,0,0.8571428571428571,1.0,0.923076923076923,1,1,1.0,0,0.0,0.0,0.029914529914529916,33.42857142857143,234,True,45,Current.Ic,"ATE-Q float, floor=learned",,
156,25,0,0.861878453038674,1.0,0.9258160237388724,2,2,1.0,0,0.0,0.0,0.7735042735042735,1.292817679558011,234,True,55,Voltage.Va,"ATE-Q float, floor=learned",,
72,20,0,0.782608695652174,1.0,0.878048780487805,2,2,1.0,0,0.0,0.0,0.39316239316239315,2.5434782608695654,234,True,55,Voltage.Vb,"ATE-Q float, floor=learned",,
41,19,5,0.6833333333333333,0.8913043478260869,0.7735849056603774,3,3,1.0,0,1.3333333333333333,11.111111111111109,0.2564102564102564,3.9000000000000004,234,True,55,Voltage.Vc,"ATE-Q float, floor=learned",,
147,33,0,0.8166666666666667,1.0,0.8990825688073394,2,2,1.0,0,0.0,0.0,0.7758620689655172,1.288888888888889,232,True,55,Current.Ia,"ATE-Q float, floor=learned",,
176,0,0,1.0,1.0,1.0,2,2,1.0,0,0.0,0.0,0.7553648068669528,1.3238636363636362,233,True,55,Current.Ib,"ATE-Q float, floor=learned",,
70,109,0,0.39106145251396646,1.0,0.5622489959839357,2,2,1.0,0,0.0,0.0,0.8443396226415094,1.1843575418994414,212,True,55,Current.Ic,"ATE-Q float, floor=learned",,
0,3,3,0.0,0.0,0.0,1,0,0.0,1,,,0.001567398119122257,638.0,1914,True,677,Voltage.Va,"ATE-Q float, floor=learned",,
0,7,0,0.0,0.0,0.0,0,0,,1,,,0.0036572622779519333,273.42857142857144,1914,False,677,Voltage.Vb,"ATE-Q float, floor=learned",,
0,0,0,0.0,0.0,0.0,0,0,,0,,,0.0,inf,1914,False,677,Voltage.Vc,"ATE-Q float, floor=learned",,
24,1280,31,0.018404907975460124,0.43636363636363634,0.03532008830022075,5,5,1.0,1,3.6,30.000000000000004,0.7734282325029656,1.2929447852760736,1686,True,677,Current.Ia,"ATE-Q float, floor=learned",,
55,1242,1,0.04240555127216654,0.9821428571428571,0.08130081300813008,4,4,1.0,0,0.25,2.0833333333333335,0.781796262808921,1.279105628373169,1659,True,677,Current.Ib,"ATE-Q float, floor=learned",,
23,0,13,1.0,0.6388888888888888,0.7796610169491525,1,1,1.0,0,0.0,0.0,0.013947847180109158,71.69565217391305,1649,True,677,Current.Ic,"ATE-Q float, floor=learned",,
0,0,0,0.0,0.0,0.0,0,0,,0,,,0.0,inf,1434,False,901,Voltage.Va,"ATE-Q float, floor=learned",,
0,0,0,0.0,0.0,0.0,0,0,,0,,,0.0,inf,1434,False,901,Voltage.Vb,"ATE-Q float, floor=learned",,
0,0,0,0.0,0.0,0.0,0,0,,0,,,0.0,inf,1434,False,901,Voltage.Vc,"ATE-Q float, floor=learned",,
15,3,11,0.8333333333333334,0.5769230769230769,0.6818181818181818,3,2,0.6666666666666666,1,0.5,4.166666666666667,0.012552301255230125,79.66666666666667,1434,True,901,Current.Ia,"ATE-Q float, floor=learned",,
0,0,0,0.0,0.0,0.0,0,0,,0,,,0.0,inf,1434,False,901,Current.Ib,"ATE-Q float, floor=learned",,
0,0,0,0.0,0.0,0.0,0,0,,0,,,0.0,inf,1434,False,901,Current.Ic,"ATE-Q float, floor=learned",,
0,0,0,0.0,0.0,0.0,0,0,,0,,,0.0,inf,1194,False,907,Voltage.Va,"ATE-Q float, floor=learned",,
5,0,0,1.0,1.0,1.0,1,1,1.0,0,0.0,0.0,0.0041876046901172526,238.8,1194,True,907,Voltage.Vb,"ATE-Q float, floor=learned",,
5,0,0,1.0,1.0,1.0,1,1,1.0,0,0.0,0.0,0.0041876046901172526,238.8,1194,True,907,Voltage.Vc,"ATE-Q float, floor=learned",,
0,0,0,0.0,0.0,0.0,0,0,,0,,,0.0,inf,1194,False,907,Current.Ia,"ATE-Q float, floor=learned",,
6,0,0,1.0,1.0,1.0,1,1,1.0,0,0.0,0.0,0.005025125628140704,199.0,1194,True,907,Current.Ib,"ATE-Q float, floor=learned",,
6,0,0,1.0,1.0,1.0,1,1,1.0,0,0.0,0.0,0.005025125628140704,199.0,1194,True,907,Current.Ic,"ATE-Q float, floor=learned",,
0,0,0,0.0,0.0,0.0,0,0,,0,,,0.0,inf,23,False,971,Voltage.Va,"ATE-Q float, floor=learned",,
0,0,0,0.0,0.0,0.0,0,0,,0,,,0.0,inf,23,False,971,Voltage.Vb,"ATE-Q float, floor=learned",,
0,0,0,0.0,0.0,0.0,0,0,,0,,,0.0,inf,23,False,971,Voltage.Vc,"ATE-Q float, floor=learned",,
4,1,0,0.8,1.0,0.888888888888889,1,1,1.0,0,0.0,0.0,0.21739130434782608,4.6000000000000005,23,True,971,Current.Ia,"ATE-Q float, floor=learned",,
2,0,1,1.0,0.6666666666666666,0.8,1,1,1.0,0,1.0,8.333333333333334,0.09090909090909091,11.0,22,True,971,Current.Ib,"ATE-Q float, floor=learned",,
4,0,0,1.0,1.0,1.0,1,1,1.0,0,0.0,0.0,0.17391304347826086,5.75,23,True,971,Current.Ic,"ATE-Q float, floor=learned",,
5,0,0,1.0,1.0,1.0,1,1,1.0,0,0.0,0.0,0.021367521367521368,46.8,234,True,45,Voltage.Va,"ATE-S float, floor=learned",,
3,1,0,0.75,1.0,0.8571428571428571,1,1,1.0,0,0.0,0.0,0.017094017094017096,58.49999999999999,234,True,45,Voltage.Vb,"ATE-S float, floor=learned",,
5,0,0,1.0,1.0,1.0,1,1,1.0,0,0.0,0.0,0.021367521367521368,46.8,234,True,45,Voltage.Vc,"ATE-S float, floor=learned",,
5,0,0,1.0,1.0,1.0,1,1,1.0,0,0.0,0.0,0.021367521367521368,46.8,234,True,45,Current.Ia,"ATE-S float, floor=learned",,
5,0,0,1.0,1.0,1.0,1,1,1.0,0,0.0,0.0,0.021367521367521368,46.8,234,True,45,Current.Ib,"ATE-S float, floor=learned",,
6,1,0,0.8571428571428571,1.0,0.923076923076923,1,1,1.0,0,0.0,0.0,0.029914529914529916,33.42857142857143,234,True,45,Current.Ic,"ATE-S float, floor=learned",,
156,25,0,0.861878453038674,1.0,0.9258160237388724,2,2,1.0,0,0.0,0.0,0.7735042735042735,1.292817679558011,234,True,55,Voltage.Va,"ATE-S float, floor=learned",,
72,20,0,0.782608695652174,1.0,0.878048780487805,2,2,1.0,0,0.0,0.0,0.39316239316239315,2.5434782608695654,234,True,55,Voltage.Vb,"ATE-S float, floor=learned",,
45,29,1,0.6081081081081081,0.9782608695652174,0.75,3,3,1.0,0,0.0,0.0,0.3162393162393162,3.1621621621621623,234,True,55,Voltage.Vc,"ATE-S float, floor=learned",,
147,33,0,0.8166666666666667,1.0,0.8990825688073394,2,2,1.0,0,0.0,0.0,0.7758620689655172,1.288888888888889,232,True,55,Current.Ia,"ATE-S float, floor=learned",,
176,0,0,1.0,1.0,1.0,2,2,1.0,0,0.0,0.0,0.7553648068669528,1.3238636363636362,233,True,55,Current.Ib,"ATE-S float, floor=learned",,
70,109,0,0.39106145251396646,1.0,0.5622489959839357,2,2,1.0,0,0.0,0.0,0.8443396226415094,1.1843575418994414,212,True,55,Current.Ic,"ATE-S float, floor=learned",,
3,20,0,0.13043478260869565,1.0,0.23076923076923078,1,1,1.0,3,0.0,0.0,0.012016718913270637,83.21739130434783,1914,True,677,Voltage.Va,"ATE-S float, floor=learned",,
0,14,0,0.0,0.0,0.0,0,0,,1,,,0.0073145245559038665,136.71428571428572,1914,False,677,Voltage.Vb,"ATE-S float, floor=learned",,
0,0,0,0.0,0.0,0.0,0,0,,0,,,0.0,inf,1914,False,677,Voltage.Vc,"ATE-S float, floor=learned",,
30,1280,25,0.022900763358778626,0.5454545454545454,0.04395604395604395,5,5,1.0,1,3.6,30.000000000000004,0.7769869513641756,1.2870229007633587,1686,True,677,Current.Ia,"ATE-S float, floor=learned",,
55,1242,1,0.04240555127216654,0.9821428571428571,0.08130081300813008,4,4,1.0,0,0.25,2.0833333333333335,0.781796262808921,1.279105628373169,1659,True,677,Current.Ib,"ATE-S float, floor=learned",,
23,0,13,1.0,0.6388888888888888,0.7796610169491525,1,1,1.0,0,0.0,0.0,0.013947847180109158,71.69565217391305,1649,True,677,Current.Ic,"ATE-S float, floor=learned",,
0,0,0,0.0,0.0,0.0,0,0,,0,,,0.0,inf,1434,False,901,Voltage.Va,"ATE-S float, floor=learned",,
0,0,0,0.0,0.0,0.0,0,0,,0,,,0.0,inf,1434,False,901,Voltage.Vb,"ATE-S float, floor=learned",,
0,0,0,0.0,0.0,0.0,0,0,,0,,,0.0,inf,1434,False,901,Voltage.Vc,"ATE-S float, floor=learned",,
17,3,9,0.85,0.6538461538461539,0.7391304347826088,3,2,0.6666666666666666,1,0.5,4.166666666666667,0.01394700139470014,71.7,1434,True,901,Current.Ia,"ATE-S float, floor=learned",,
0,0,0,0.0,0.0,0.0,0,0,,0,,,0.0,inf,1434,False,901,Current.Ib,"ATE-S float, floor=learned",,
0,0,0,0.0,0.0,0.0,0,0,,0,,,0.0,inf,1434,False,901,Current.Ic,"ATE-S float, floor=learned",,
0,0,0,0.0,0.0,0.0,0,0,,0,,,0.0,inf,1194,False,907,Voltage.Va,"ATE-S float, floor=learned",,
5,0,0,1.0,1.0,1.0,1,1,1.0,0,0.0,0.0,0.0041876046901172526,238.8,1194,True,907,Voltage.Vb,"ATE-S float, floor=learned",,
5,0,0,1.0,1.0,1.0,1,1,1.0,0,0.0,0.0,0.0041876046901172526,238.8,1194,True,907,Voltage.Vc,"ATE-S float, floor=learned",,
0,0,0,0.0,0.0,0.0,0,0,,0,,,0.0,inf,1194,False,907,Current.Ia,"ATE-S float, floor=learned",,
6,0,0,1.0,1.0,1.0,1,1,1.0,0,0.0,0.0,0.005025125628140704,199.0,1194,True,907,Current.Ib,"ATE-S float, floor=learned",,
6,0,0,1.0,1.0,1.0,1,1,1.0,0,0.0,0.0,0.005025125628140704,199.0,1194,True,907,Current.Ic,"ATE-S float, floor=learned",,
0,0,0,0.0,0.0,0.0,0,0,,0,,,0.0,inf,23,False,971,Voltage.Va,"ATE-S float, floor=learned",,
0,0,0,0.0,0.0,0.0,0,0,,0,,,0.0,inf,23,False,971,Voltage.Vb,"ATE-S float, floor=learned",,
0,0,0,0.0,0.0,0.0,0,0,,0,,,0.0,inf,23,False,971,Voltage.Vc,"ATE-S float, floor=learned",,
4,1,0,0.8,1.0,0.888888888888889,1,1,1.0,0,0.0,0.0,0.21739130434782608,4.6000000000000005,23,True,971,Current.Ia,"ATE-S float, floor=learned",,
2,0,1,1.0,0.6666666666666666,0.8,1,1,1.0,0,1.0,8.333333333333334,0.09090909090909091,11.0,22,True,971,Current.Ib,"ATE-S float, floor=learned",,
4,0,0,1.0,1.0,1.0,1,1,1.0,0,0.0,0.0,0.17391304347826086,5.75,23,True,971,Current.Ic,"ATE-S float, floor=learned",,
0,0,5,0.0,0.0,0.0,1,0,0.0,0,,,0.0,inf,234,True,45,Voltage.Va,"ATE-M float, floor=learned",,
2,0,1,1.0,0.6666666666666666,0.8,1,1,1.0,0,1.0,8.333333333333334,0.008547008547008548,116.99999999999999,234,True,45,Voltage.Vb,"ATE-M float, floor=learned",,
5,0,0,1.0,1.0,1.0,1,1,1.0,0,0.0,0.0,0.021367521367521368,46.8,234,True,45,Voltage.Vc,"ATE-M float, floor=learned",,
5,0,0,1.0,1.0,1.0,1,1,1.0,0,0.0,0.0,0.021367521367521368,46.8,234,True,45,Current.Ia,"ATE-M float, floor=learned",,
5,0,0,1.0,1.0,1.0,1,1,1.0,0,0.0,0.0,0.021367521367521368,46.8,234,True,45,Current.Ib,"ATE-M float, floor=learned",,
6,1,0,0.8571428571428571,1.0,0.923076923076923,1,1,1.0,0,0.0,0.0,0.029914529914529916,33.42857142857143,234,True,45,Current.Ic,"ATE-M float, floor=learned",,
155,25,1,0.8611111111111112,0.9935897435897436,0.9226190476190477,2,2,1.0,0,0.0,0.0,0.7692307692307693,1.2999999999999998,234,True,55,Voltage.Va,"ATE-M float, floor=learned",,
70,19,2,0.7865168539325843,0.9722222222222222,0.8695652173913043,2,2,1.0,0,1.0,8.333333333333334,0.3803418803418803,2.6292134831460676,234,True,55,Voltage.Vb,"ATE-M float, floor=learned",,
38,11,8,0.7755102040816326,0.8260869565217391,0.8,3,3,1.0,0,1.3333333333333333,11.111111111111109,0.2094017094017094,4.775510204081632,234,True,55,Voltage.Vc,"ATE-M float, floor=learned",,
147,33,0,0.8166666666666667,1.0,0.8990825688073394,2,2,1.0,0,0.0,0.0,0.7758620689655172,1.288888888888889,232,True,55,Current.Ia,"ATE-M float, floor=learned",,
176,0,0,1.0,1.0,1.0,2,2,1.0,0,0.0,0.0,0.7553648068669528,1.3238636363636362,233,True,55,Current.Ib,"ATE-M float, floor=learned",,
70,109,0,0.39106145251396646,1.0,0.5622489959839357,2,2,1.0,0,0.0,0.0,0.8443396226415094,1.1843575418994414,212,True,55,Current.Ic,"ATE-M float, floor=learned",,
0,3,3,0.0,0.0,0.0,1,0,0.0,1,,,0.001567398119122257,638.0,1914,True,677,Voltage.Va,"ATE-M float, floor=learned",,
0,10,0,0.0,0.0,0.0,0,0,,1,,,0.00522466039707419,191.4,1914,False,677,Voltage.Vb,"ATE-M float, floor=learned",,
0,0,0,0.0,0.0,0.0,0,0,,0,,,0.0,inf,1914,False,677,Voltage.Vc,"ATE-M float, floor=learned",,
42,1280,13,0.03177004538577912,0.7636363636363637,0.061002178649237467,5,5,1.0,1,2.4,20.0,0.7841043890865955,1.275340393343419,1686,True,677,Current.Ia,"ATE-M float, floor=learned",,
55,1242,1,0.04240555127216654,0.9821428571428571,0.08130081300813008,4,4,1.0,0,0.25,2.0833333333333335,0.781796262808921,1.279105628373169,1659,True,677,Current.Ib,"ATE-M float, floor=learned",,
23,0,13,1.0,0.6388888888888888,0.7796610169491525,1,1,1.0,0,0.0,0.0,0.013947847180109158,71.69565217391305,1649,True,677,Current.Ic,"ATE-M float, floor=learned",,
0,0,0,0.0,0.0,0.0,0,0,,0,,,0.0,inf,1434,False,901,Voltage.Va,"ATE-M float, floor=learned",,
0,0,0,0.0,0.0,0.0,0,0,,0,,,0.0,inf,1434,False,901,Voltage.Vb,"ATE-M float, floor=learned",,
0,0,0,0.0,0.0,0.0,0,0,,0,,,0.0,inf,1434,False,901,Voltage.Vc,"ATE-M float, floor=learned",,
20,0,6,1.0,0.7692307692307693,0.8695652173913044,3,2,0.6666666666666666,0,1.0,8.333333333333334,0.01394700139470014,71.7,1434,True,901,Current.Ia,"ATE-M float, floor=learned",,
0,0,0,0.0,0.0,0.0,0,0,,0,,,0.0,inf,1434,False,901,Current.Ib,"ATE-M float, floor=learned",,
0,0,0,0.0,0.0,0.0,0,0,,0,,,0.0,inf,1434,False,901,Current.Ic,"ATE-M float, floor=learned",,
0,0,0,0.0,0.0,0.0,0,0,,0,,,0.0,inf,1194,False,907,Voltage.Va,"ATE-M float, floor=learned",,
5,0,0,1.0,1.0,1.0,1,1,1.0,0,0.0,0.0,0.0041876046901172526,238.8,1194,True,907,Voltage.Vb,"ATE-M float, floor=learned",,
5,0,0,1.0,1.0,1.0,1,1,1.0,0,0.0,0.0,0.0041876046901172526,238.8,1194,True,907,Voltage.Vc,"ATE-M float, floor=learned",,
0,0,0,0.0,0.0,0.0,0,0,,0,,,0.0,inf,1194,False,907,Current.Ia,"ATE-M float, floor=learned",,
6,0,0,1.0,1.0,1.0,1,1,1.0,0,0.0,0.0,0.005025125628140704,199.0,1194,True,907,Current.Ib,"ATE-M float, floor=learned",,
6,0,0,1.0,1.0,1.0,1,1,1.0,0,0.0,0.0,0.005025125628140704,199.0,1194,True,907,Current.Ic,"ATE-M float, floor=learned",,
0,0,0,0.0,0.0,0.0,0,0,,0,,,0.0,inf,23,False,971,Voltage.Va,"ATE-M float, floor=learned",,
0,0,0,0.0,0.0,0.0,0,0,,0,,,0.0,inf,23,False,971,Voltage.Vb,"ATE-M float, floor=learned",,
0,0,0,0.0,0.0,0.0,0,0,,0,,,0.0,inf,23,False,971,Voltage.Vc,"ATE-M float, floor=learned",,
4,1,0,0.8,1.0,0.888888888888889,1,1,1.0,0,0.0,0.0,0.21739130434782608,4.6000000000000005,23,True,971,Current.Ia,"ATE-M float, floor=learned",,
2,0,1,1.0,0.6666666666666666,0.8,1,1,1.0,0,1.0,8.333333333333334,0.09090909090909091,11.0,22,True,971,Current.Ib,"ATE-M float, floor=learned",,
4,0,0,1.0,1.0,1.0,1,1,1.0,0,0.0,0.0,0.17391304347826086,5.75,23,True,971,Current.Ic,"ATE-M float, floor=learned",,
5,0,0,1.0,1.0,1.0,1,1,1.0,0,0.0,0.0,0.021367521367521368,46.8,234,True,45,Voltage.Va,ATE-M int8 (leave-one-record-out),,
3,1,0,0.75,1.0,0.8571428571428571,1,1,1.0,0,0.0,0.0,0.017094017094017096,58.49999999999999,234,True,45,Voltage.Vb,ATE-M int8 (leave-one-record-out),,
5,0,0,1.0,1.0,1.0,1,1,1.0,0,0.0,0.0,0.021367521367521368,46.8,234,True,45,Voltage.Vc,ATE-M int8 (leave-one-record-out),,
5,0,0,1.0,1.0,1.0,1,1,1.0,0,0.0,0.0,0.021367521367521368,46.8,234,True,45,Current.Ia,ATE-M int8 (leave-one-record-out),,
5,0,0,1.0,1.0,1.0,1,1,1.0,0,0.0,0.0,0.021367521367521368,46.8,234,True,45,Current.Ib,ATE-M int8 (leave-one-record-out),,
6,1,0,0.8571428571428571,1.0,0.923076923076923,1,1,1.0,0,0.0,0.0,0.029914529914529916,33.42857142857143,234,True,45,Current.Ic,ATE-M int8 (leave-one-record-out),,
155,16,1,0.9064327485380117,0.9935897435897436,0.9480122324159022,2,2,1.0,0,0.0,0.0,0.7307692307692307,1.368421052631579,234,True,55,Voltage.Va,ATE-M int8 (leave-one-record-out),,
72,11,0,0.8674698795180723,1.0,0.9290322580645161,2,2,1.0,0,0.0,0.0,0.3547008547008547,2.819277108433735,234,True,55,Voltage.Vb,ATE-M int8 (leave-one-record-out),,
45,19,1,0.703125,0.9782608695652174,0.8181818181818182,3,3,1.0,0,0.0,0.0,0.27350427350427353,3.6562499999999996,234,True,55,Voltage.Vc,ATE-M int8 (leave-one-record-out),,
147,33,0,0.8166666666666667,1.0,0.8990825688073394,2,2,1.0,0,0.0,0.0,0.7758620689655172,1.288888888888889,232,True,55,Current.Ia,ATE-M int8 (leave-one-record-out),,
176,0,0,1.0,1.0,1.0,2,2,1.0,0,0.0,0.0,0.7553648068669528,1.3238636363636362,233,True,55,Current.Ib,ATE-M int8 (leave-one-record-out),,
70,109,0,0.39106145251396646,1.0,0.5622489959839357,2,2,1.0,0,0.0,0.0,0.8443396226415094,1.1843575418994414,212,True,55,Current.Ic,ATE-M int8 (leave-one-record-out),,
3,23,0,0.11538461538461539,1.0,0.20689655172413793,1,1,1.0,3,0.0,0.0,0.013584117032392894,73.61538461538461,1914,True,677,Voltage.Va,ATE-M int8 (leave-one-record-out),,
0,17,0,0.0,0.0,0.0,0,0,,2,,,0.008881922675026124,112.58823529411764,1914,False,677,Voltage.Vb,ATE-M int8 (leave-one-record-out),,
0,0,0,0.0,0.0,0.0,0,0,,0,,,0.0,inf,1914,False,677,Voltage.Vc,ATE-M int8 (leave-one-record-out),,
33,1275,22,0.02522935779816514,0.6,0.048422597212032285,5,4,0.8,0,3.0,25.0,0.7758007117437722,1.2889908256880735,1686,True,677,Current.Ia,ATE-M int8 (leave-one-record-out),,
53,1241,3,0.04095826893353941,0.9464285714285714,0.07851851851851852,4,3,0.75,0,0.3333333333333333,2.7777777777777772,0.7799879445449066,1.2820710973724883,1659,True,677,Current.Ib,ATE-M int8 (leave-one-record-out),,
15,0,21,1.0,0.4166666666666667,0.5882352941176471,1,1,1.0,0,1.0,8.333333333333334,0.009096422073984234,109.93333333333332,1649,True,677,Current.Ic,ATE-M int8 (leave-one-record-out),,
0,0,0,0.0,0.0,0.0,0,0,,0,,,0.0,inf,1434,False,901,Voltage.Va,ATE-M int8 (leave-one-record-out),,
0,0,0,0.0,0.0,0.0,0,0,,0,,,0.0,inf,1434,False,901,Voltage.Vb,ATE-M int8 (leave-one-record-out),,
0,0,0,0.0,0.0,0.0,0,0,,0,,,0.0,inf,1434,False,901,Voltage.Vc,ATE-M int8 (leave-one-record-out),,
18,8,8,0.6923076923076923,0.6923076923076923,0.6923076923076923,3,1,0.3333333333333333,1,0.0,0.0,0.01813110181311018,55.15384615384616,1434,True,901,Current.Ia,ATE-M int8 (leave-one-record-out),,
0,0,0,0.0,0.0,0.0,0,0,,0,,,0.0,inf,1434,False,901,Current.Ib,ATE-M int8 (leave-one-record-out),,
0,0,0,0.0,0.0,0.0,0,0,,0,,,0.0,inf,1434,False,901,Current.Ic,ATE-M int8 (leave-one-record-out),,
0,0,0,0.0,0.0,0.0,0,0,,0,,,0.0,inf,1194,False,907,Voltage.Va,ATE-M int8 (leave-one-record-out),,
5,0,0,1.0,1.0,1.0,1,1,1.0,0,0.0,0.0,0.0041876046901172526,238.8,1194,True,907,Voltage.Vb,ATE-M int8 (leave-one-record-out),,
5,0,0,1.0,1.0,1.0,1,1,1.0,0,0.0,0.0,0.0041876046901172526,238.8,1194,True,907,Voltage.Vc,ATE-M int8 (leave-one-record-out),,
0,0,0,0.0,0.0,0.0,0,0,,0,,,0.0,inf,1194,False,907,Current.Ia,ATE-M int8 (leave-one-record-out),,
6,0,0,1.0,1.0,1.0,1,1,1.0,0,0.0,0.0,0.005025125628140704,199.0,1194,True,907,Current.Ib,ATE-M int8 (leave-one-record-out),,
6,0,0,1.0,1.0,1.0,1,1,1.0,0,0.0,0.0,0.005025125628140704,199.0,1194,True,907,Current.Ic,ATE-M int8 (leave-one-record-out),,
0,0,0,0.0,0.0,0.0,0,0,,0,,,0.0,inf,23,False,971,Voltage.Va,ATE-M int8 (leave-one-record-out),,
0,0,0,0.0,0.0,0.0,0,0,,0,,,0.0,inf,23,False,971,Voltage.Vb,ATE-M int8 (leave-one-record-out),,
0,0,0,0.0,0.0,0.0,0,0,,0,,,0.0,inf,23,False,971,Voltage.Vc,ATE-M int8 (leave-one-record-out),,
4,0,0,1.0,1.0,1.0,1,1,1.0,0,0.0,0.0,0.17391304347826086,5.75,23,True,971,Current.Ia,ATE-M int8 (leave-one-record-out),,
2,0,1,1.0,0.6666666666666666,0.8,1,1,1.0,0,1.0,8.333333333333334,0.09090909090909091,11.0,22,True,971,Current.Ib,ATE-M int8 (leave-one-record-out),,
4,0,0,1.0,1.0,1.0,1,1,1.0,0,0.0,0.0,0.17391304347826086,5.75,23,True,971,Current.Ic,ATE-M int8 (leave-one-record-out),,
