Time,Raw,Mag,Freq,ROCOF,EstV,LSE,Trig,Gated
0.0000,-1246.3882,10377.0264,60.0000,0.0000,3079.9590,18717279.9531,0,0.0000
65.1042,-754.4827,10548.6647,60.0000,0.0000,3320.3913,16604598.5739,0,0.0000
130.2083,-254.1511,10720.2525,60.0000,0.0000,3565.7941,14591981.4858,0,0.0000
195.3125,255.2898,10891.7234,60.0000,0.0000,3816.5935,12682883.8124,0,0.0000
260.4167,767.0081,11063.0121,60.0000,0.0000,4072.0404,10923238.1303,0,0.0000
325.5208,1287.8358,11234.0539,60.0000,0.0000,4332.5918,9270539.4179,0,0.0000
390.6250,1806.1584,11404.7808,60.0000,0.0000,4597.4475,7791294.9019,0,0.0000
455.7292,2319.6985,11575.1247,60.0000,0.0000,4867.2415,6489975.1739,0,0.0000
520.8333,2834.3774,11745.0169,60.0000,0.0000,5141.4224,5322456.6248,0,0.0000
585.9375,3331.0652,11914.3827,60.0000,0.0000,5419.3245,4360826.8403,0,0.0000
651.0417,3814.3168,12083.1520,60.0000,0.0000,5701.3835,3561020.7253,0,0.0000
716.1458,4306.6777,12251.2773,60.0000,0.0000,5987.3870,2824783.9525,0,0.0000
781.2500,4801.5437,12418.6829,60.0000,0.0000,6276.4544,2175361.7451,0,0.0000
846.3542,5289.5776,12585.3021,60.0000,0.0000,6569.0241,1636983.2150,0,0.0000
911.4583,5776.2452,12751.0702,60.0000,0.0000,6864.1508,1183538.6776,0,0.0000
976.5625,6263.8237,12915.9349,60.0000,0.0000,7162.2682,807202.6386,0,0.0000
1041.6667,6743.6592,13079.8309,60.0000,0.0000,7462.4630,516678.9284,0,0.0000
1106.7708,7212.5635,13242.6990,60.0000,0.0000,7765.7764,306044.4528,0,0.0000
1171.8750,7680.7846,13404.4655,60.0000,0.0000,8070.6196,151971.2795,0,0.0000
1236.9792,8151.2831,13565.0460,60.0000,0.0000,8376.8815,50894.6590,0,0.0000
1302.0833,8615.6327,13724.3896,60.0000,0.0000,8684.5688,4752.1905,0,0.0000
1367.1875,9073.6058,13882.4415,60.0000,0.0000,8992.9256,6509.2893,0,0.0000
1432.2917,9524.7468,14039.1480,60.0000,0.0000,9302.9489,49194.3344,0,0.0000
1497.3958,9968.1449,14194.4723,60.0000,0.0000,9613.0519,126091.0732,0,0.0000
1562.5000,10400.8395,14348.3729,60.0000,0.0000,9923.5808,227775.9032,0,0.0000
1627.6042,10813.9490,14500.7943,60.0000,0.0000,10233.6124,336790.6048,0,0.0000
1692.7083,11219.9987,14651.6873,60.0000,0.0000,10543.4215,457756.7821,0,0.0000
1757.8125,11622.6324,14801.0072,60.0000,0.0000,10852.7110,592779.0612,0,0.0000
1822.9167,12005.9087,14948.6878,60.0000,0.0000,11161.1391,713635.6749,0,0.0000
1888.0208,12379.6202,15094.6686,60.0000,0.0000,11467.7673,831475.8168,0,0.0000
1953.1250,12755.3813,15238.8971,60.0000,0.0000,11772.8649,965338.4989,0,0.0000
2018.2292,13126.3600,15381.3215,60.0000,0.0000,12076.0916,1103063.8042,0,0.0000
2083.3333,13495.7446,15521.8953,60.0000,0.0000,12376.6952,1252271.5892,0,0.0000
2148.4375,13864.2182,15660.5753,60.0000,0.0000,12674.5954,1415202.3103,0,0.0000
2213.5417,14223.1270,15797.3160,60.0000,0.0000,12969.6121,1571299.4769,0,0.0000
2278.6458,14580.8971,15932.0787,60.0000,0.0000,13260.8627,1742490.6541,0,0.0000
2343.7500,14934.5680,16064.8402,60.0000,0.0000,13549.1080,1919499.3267,0,0.0000
2408.8542,15271.6143,16195.5669,60.0000,0.0000,13832.9373,2069791.6084,0,0.0000
2473.9583,15602.2841,16324.2276,60.0000,0.0000,14112.5536,2219296.9883,0,0.0000
2539.0625,15923.8445,16450.8013,60.0000,0.0000,14387.6443,2359911.1017,0,0.0000
2604.1667,16227.1862,16575.2570,60.0000,0.0000,14657.3636,2464342.9116,0,0.0000
2669.2708,16526.4286,16697.5754,60.0000,0.0000,14921.9051,2574495.8071,0,0.0000
2734.3750,16824.5325,16817.7489,60.0000,0.0000,15180.9545,2701348.4645,0,0.0000
2799.4792,17107.6058,16935.7489,60.0000,0.0000,15434.1832,2800343.3220,0,0.0000
2864.5833,17374.2823,17051.5443,60.0000,0.0000,15681.2559,2866338.6108,0,0.0000
2929.6875,17632.5327,17165.1171,60.0000,0.0000,15921.4656,2927750.4182,0,0.0000
2994.7917,17879.8518,17276.4416,60.0000,0.0000,16155.2914,2974108.7673,0,0.0000
3059.8958,18113.0514,17385.4931,60.0000,0.0000,16381.6846,2997630.9451,0,0.0000
3125.0000,18336.2307,17492.2530,60.0000,0.0000,16600.6610,3012202.2308,0,0.0000
3190.1042,18545.9738,17596.6985,60.0000,0.0000,16811.6314,3007943.3181,0,0.0000
3255.2083,18746.8351,17698.8182,60.0000,0.0000,17014.9578,2999399.2676,0,0.0000
3320.3125,18934.2602,17798.6015,60.0000,0.0000,17209.7412,2973965.7478,0,0.0000
3385.4167,19097.7732,17896.0262,60.0000,0.0000,17396.2618,2895141.1326,0,0.0000
3450.5208,19253.7710,17991.0940,60.0000,0.0000,17573.7245,2822556.4206,0,0.0000
3515.6250,19394.9661,18083.7989,60.0000,0.0000,17742.1426,2731825.5270,0,0.0000
3580.7292,19501.3179,18174.1116,60.0000,0.0000,17901.2358,2560262.6731,0,0.0000
3645.8333,19587.4013,18262.0281,60.0000,0.0000,18050.5919,2361783.2533,0,0.0000
3710.9375,19660.2762,18347.5496,60.0000,0.0000,18190.3225,2160764.0373,0,0.0000
3776.0417,19725.1804,18430.6793,60.0000,0.0000,18319.8925,1974834.0783,0,0.0000
3841.1458,19798.0553,18511.4509,60.0000,0.0000,18439.2828,1846262.5901,0,0.0000
3906.2500,19870.9302,18589.8860,60.0000,0.0000,18548.3779,1749144.4900,0,0.0000
3971.3542,19934.4680,18665.9928,60.0000,0.0000,18646.8051,1658075.6540,0,0.0000
4036.4583,19999.3721,18739.7990,60.0000,0.0000,18734.4950,1599914.2928,0,0.0000
4101.5625,20060.8603,18811.3270,60.0000,0.0000,18811.2798,1561451.5307,0,0.0000
4166.6667,20104.5853,18880.5839,60.0000,0.0000,18877.0181,1506921.0211,0,0.0000
4231.7708,20133.9629,18947.5793,60.0000,0.0000,18931.5228,1445862.2780,0,0.0000
4296.8750,20162.8852,19012.3385,60.0000,0.0000,18974.7110,1411757.8107,0,0.0000
4361.9792,20193.1738,19074.9006,60.0000,0.0000,19006.4837,1408233.3695,0,0.0000
4427.0833,20213.6698,19135.2903,60.0000,0.0000,19026.5872,1409165.3001,0,0.0000
4492.1875,20225.7397,19193.5260,60.0000,0.0000,19035.1316,1417547.6997,0,0.0000
4557.2917,20230.0667,19249.6351,60.0000,0.0000,19031.9250,1435543.4728,0,0.0000
4622.3958,20216.8581,19303.6409,60.0000,0.0000,19016.8796,1439948.4849,0,0.0000
4687.5000,20189.0746,19355.5640,60.0000,0.0000,18990.0119,1437751.2252,0,0.0000
4752.6042,20155.3699,19405.4375,60.0000,0.0000,18951.0818,1450309.9081,0,0.0000
4817.7083,20131.2301,19453.3149,60.0000,0.0000,18900.1470,1515565.5836,0,0.0000
4882.8125,20108.6845,19499.2398,60.0000,0.0000,18837.1798,1616724.2128,0,0.0000
4947.9167,20057.6721,19543.2293,60.0000,0.0000,18762.4709,1677545.9822,0,0.0000
5013.0208,19994.8175,19585.3130,60.0000,0.0000,18675.7183,1740022.6774,0,0.0000
5078.1250,19916.7047,19625.5212,60.0000,0.0000,18576.8017,1795340.1591,0,0.0000
5143.2292,19798.9662,19663.8669,60.0000,0.0000,18465.9183,1777016.7538,0,0.0000
5208.3333,19671.2075,19700.3804,60.0000,0.0000,18342.9763,1764198.0127,0,0.0000
5273.4375,19520.9030,19735.0847,60.0000,0.0000,18207.9904,1723739.5791,0,0.0000
5338.5417,19319.8139,19767.9837,60.0000,0.0000,18060.9677,1584693.6282,0,0.0000
5403.6458,19098.9119,19799.1064,60.0000,0.0000,17901.9506,1432716.2716,0,0.0000
5468.7500,18857.9693,19828.4832,60.0000,0.0000,17731.5339,1268856.8652,0,0.0000
5533.8542,18575.3514,19856.1259,60.0000,0.0000,17548.7066,1053999.6013,0,0.0000
5598.9583,18270.8711,19882.0651,60.0000,0.0000,17354.6518,839457.7195,0,0.0000
5664.0625,17971.4009,19906.3566,60.0000,0.0000,17148.9312,676456.3485,0,0.0000
5729.1667,17690.3771,19929.0727,60.0000,0.0000,16931.6791,575622.7324,0,0.0000
5794.2708,17428.2553,19950.2853,60.0000,0.0000,16703.0293,525952.7339,0,0.0000
5859.3750,17175.2428,19970.0571,60.0000,0.0000,16463.1187,507120.7626,0,0.0000
5924.4792,16931.5674,19988.4496,60.0000,0.0000,16212.0908,517646.6252,0,0.0000
5989.5833,16693.5854,20005.5187,60.0000,0.0000,15950.8290,551687.0757,0,0.0000
6054.6875,16446.0385,20021.3135,60.0000,0.0000,15678.7925,588666.5083,0,0.0000
6119.7917,16186.1941,20035.8764,60.0000,0.0000,15395.3491,625435.8042,0,0.0000
6184.8958,15914.7351,20049.2473,60.0000,0.0000,15103.0038,658907.7661,0,0.0000
6250.0000,15624.1465,20061.4661,60.0000,0.0000,14799.5742,679919.6152,0,0.0000
6315.1042,15298.7147,20072.5584,60.0000,0.0000,14486.8535,659118.5123,0,0.0000
6380.2083,14940.4891,20082.5495,60.0000,0.0000,14163.3069,604012.1110,0,0.0000
6445.3125,14556.7573,20091.4721,60.0000,0.0000,13830.8967,526873.5355,0,0.0000
6510.4167,14133.8552,20099.3489,60.0000,0.0000,13489.8387,414757.3413,0,0.0000
6575.5208,13695.2396,20106.2210,60.0000,0.0000,13138.5385,309916.1179,0,0.0000
6640.6250,13269.8324,20112.1524,60.0000,0.0000,12778.1120,241789.0232,0,0.0000
6705.7292,12833.4941,20117.1856,60.0000,0.0000,12409.7440,179564.1245,0,0.0000
6770.8333,12388.5019,20121.3633,60.0000,0.0000,12032.7287,126574.5599,0,0.0000
6835.9375,11951.4803,20124.7455,60.0000,0.0000,11648.3069,91914.1354,0,0.0000
6901.0417,11515.1420,20127.3848,60.0000,0.0000,11254.7316,67813.5897,0,0.0000
6966.1458,11080.8532,20129.3304,60.0000,0.0000,10854.2635,51342.9193,0,0.0000
7031.2500,10645.4258,20130.6305,60.0000,0.0000,10446.1470,39712.0349,0,0.0000
7096.3542,10206.3547,20131.3308,60.0000,0.0000,10031.6952,30505.9237,0,0.0000
7161.4583,9775.2542,20131.4813,60.0000,0.0000,9609.0466,27624.9715,0,0.0000
7226.5625,9345.0647,20131.1249,60.0000,0.0000,9181.6938,26690.0632,0,0.0000
7291.6667,8898.9338,20130.2977,60.0000,0.0000,8746.6524,23189.6095,0,0.0000
7356.7708,8433.9010,20129.0284,60.0000,0.0000,8306.3778,16262.1613,0,0.0000
7421.8750,7946.5502,20127.3552,60.0000,0.0000,7860.0394,7484.1107,0,0.0000
7486.9792,7441.6639,20125.3159,60.0000,0.0000,7409.0463,1063.9070,0,0.0000
7552.0833,6924.9355,20122.9514,60.0000,0.0000,6952.5493,762.5255,0,0.0000
7617.1875,6401.3750,20120.3041,60.0000,0.0000,6490.8218,8000.7244,0,0.0000
7682.2917,5874.1708,20117.4155,60.0000,0.0000,6025.3113,22843.4454,0,0.0000
7747.3958,5336.4908,20114.3246,60.0000,0.0000,5555.1413,47808.0453,0,0.0000
7812.5000,4798.8108,20111.0714,60.0000,0.0000,5081.7786,80070.7554,0,0.0000
7877.6042,4259.5367,20107.6937,60.0000,0.0000,4604.3305,118882.7352,0,0.0000
7942.7083,3721.8568,20104.2306,60.0000,0.0000,4123.0785,160978.8785,0,0.0000
8007.8125,3205.1283,20100.7245,60.0000,0.0000,3639.5134,188690.4200,0,0.0000
8072.9167,2696.1428,20097.2116,60.0000,0.0000,3152.7232,208465.6658,0,0.0000
8138.0208,2185.7909,20093.7255,60.0000,0.0000,2664.2078,228882.6983,0,0.0000
8203.1250,1684.3207,20090.3015,60.0000,0.0000,2173.0449,238851.3360,0,0.0000
8268.2292,1189.4547,20086.9735,60.0000,0.0000,1680.7419,241363.1776,0,0.0000
8333.3333,697.3215,20083.7747,60.0000,0.0000,1186.3687,239167.1894,0,0.0000
8398.4375,206.5547,20080.6550,60.5968,9167.3247,688.9842,232738.1823,0,0.0000
8463.5417,-282.8456,20077.7796,60.4476,-2291.8336,192.5586,226009.1992,0,0.0000
8528.6458,-769.7409,20075.1540,60.5968,2291.8336,-305.0714,215917.7296,0,0.0000
8593.7500,-1256.8639,20072.7830,60.4476,-2291.8315,-801.1699,207657.0395,0,0.0000
8658.8542,-1747.4030,20070.6700,60.4476,0.0003,-1296.6781,203152.9091,0,0.0000
8723.9583,-2232.4764,20068.8171,60.5968,2291.8311,-1792.5325,193550.6392,0,0.0000
8789.0625,-2710.4901,20067.2263,60.4476,-2291.9910,-2286.0070,180185.8645,0,0.0000
8854.1667,-3181.6717,20065.8988,60.5968,2291.9910,-2779.2552,161939.0396,0,0.0000
8919.2708,-3632.5850,20064.8323,60.4476,-2291.8314,-3269.5649,131783.6068,0,0.0000
8984.3750,-4073.9335,20064.0266,60.4476,0.0003,-3757.8725,99894.5842,0,0.0000
9049.4792,-4520.7476,20063.4851,60.4476,0.0000,-4243.8993,76645.0080,0,0.0000
9114.5833,-4974.6215,20063.2076,60.5968,2291.8287,-4728.5576,60547.4604,0,0.0000
9179.6875,-5424.3961,20063.1907,60.4476,-2291.8287,-5209.1823,46316.9884,0,0.0000
9244.7917,-5870.9825,20063.4328,60.4476,-0.0003,-5686.6949,33961.9299,0,0.0000
9309.8958,-6328.2724,20063.9344,60.2984,-2291.8309,-6159.6564,28431.3500,0,0.0000
9375.0000,-6777.3638,20064.6916,60.4476,2291.8311,-6630.1345,21676.4873,0,0.0000
9440.1042,-7227.1385,20065.6997,60.4476,-0.0199,-7096.6830,17018.6287,0,0.0000
9505.2083,-7655.7339,20066.9568,60.2984,-2291.8112,-7557.8986,9571.7378,0,0.0000
9570.3125,-8050.3969,20068.4550,60.4476,2291.8311,-8015.7929,1197.4376,0,0.0000
9635.4167,-8457.1298,20070.1841,60.2984,-2291.8314,-8467.8412,114.7337,0,0.0000
9700.5208,-8865.9124,20072.1390,60.2984,0.0003,-8914.9156,2401.3167,0,0.0000
9765.6250,-9279.0218,20074.3089,60.2984,-0.0000,-9356.7530,6042.1344,0,0.0000
9830.7292,-9715.3602,20076.6842,60.2984,0.0000,-9793.0929,6042.3843,0,0.0000
9895.8333,-10162.6298,20079.2595,60.2984,-0.0025,-10223.6791,3727.0282,0,0.0000
9960.9375,-10601.0177,20082.0215,60.1492,-2291.8287,-10647.2147,2134.1631,0,0.0000
10026.0417,-11038.9502,20084.9672,60.1492,-0.0000,-11064.5213,653.8820,0,0.0000
10091.1458,-11479.8432,20088.0892,60.1492,0.0000,-11475.3515,20.1757,0,0.0000
10156.2500,-11893.1804,20091.3655,60.1492,-0.0000,-11879.4523,188.4613,0,0.0000
10221.3542,-12285.1106,20094.7936,60.1492,0.0000,-12276.5844,72.6962,0,0.0000
10286.4583,-12664.2877,20098.3710,60.1492,-0.0000,-12666.5124,4.9493,0,0.0000
10351.5625,-13027.5235,20102.0859,60.0000,-2291.8312,-13048.0652,421.9638,0,0.0000
10416.6667,-13380.0557,20105.9289,60.0000,0.0000,-13421.9826,1757.8609,0,0.0000
10481.7708,-13724.8450,20109.8897,60.0000,0.0000,-13788.0362,3993.1341,0,0.0000
10546.8750,-14059.3862,20113.9556,60.0000,0.0000,-14145.9999,7501.9336,0,0.0000
10611.9792,-14388.2341,20118.1141,59.8508,-2291.8312,-14494.7997,11356.2126,0,0.0000
10677.0833,-14720.9535,20122.3524,60.0000,2291.8312,-14835.9414,13222.2198,0,0.0000
10742.1875,-15047.0686,20126.6522,59.8508,-2291.8312,-15167.5261,14510.0045,0,0.0000
10807.2917,-15366.3517,20131.0032,59.8508,0.0000,-15490.1974,15337.7781,0,0.0000
10872.3958,-15684.0406,20135.3900,59.8508,-0.0000,-15803.7486,14330.0116,0,0.0000
10937.5000,-15991.2537,20139.7941,59.7016,-2291.8312,-16107.2366,13452.0227,0,0.0000
11002.6042,-16297.1005,20144.2229,59.7016,0.0025,-16401.2676,10850.7879,0,0.0000
11067.7083,-16607.0465,20148.6754,59.7016,-0.0025,-16685.6623,6180.4539,0,0.0000
11132.8125,-16902.1897,20153.1282,59.7016,0.0000,-16960.2281,3368.4553,0,0.0000
11197.9167,-17178.2034,20157.5813,59.7016,-0.0000,-17224.7968,2170.9516,0,0.0000
11263.0208,-17443.0580,20162.0312,59.7016,0.0003,-17479.2030,1306.4644,0,0.0000
11328.1250,-17690.3771,20166.4486,59.5524,-2291.8314,-17722.6774,1043.3091,0,0.0000
11393.2292,-17921.9826,20170.7980,59.5524,-0.0000,-17955.6772,1135.3253,0,0.0000
11458.3333,-18142.6568,20175.0552,59.5524,0.0200,-18178.0354,1251.6390,0,0.0000
11523.4375,-18346.7065,20179.2457,59.4032,-2291.8511,-18389.1285,1799.6265,0,0.0000
11588.5417,-18541.8745,20183.3218,59.5524,2291.8314,-18589.8224,2298.9945,0,0.0000
11653.6458,-18726.3391,20187.3209,59.4032,-2291.8314,-18779.0383,2777.2118,0,0.0000
11718.7500,-18887.5748,20191.2316,59.4032,0.0025,-18957.1549,4841.3960,0,0.0000
11783.8542,-19044.4835,20195.0457,59.4032,-0.0025,-19124.0522,6331.1850,0,0.0000
11848.9583,-19187.2727,20198.8006,59.4032,0.0003,-19279.6611,8535.6116,0,0.0000
11914.0625,-19293.1690,20202.3538,59.4032,-0.0003,-19423.7469,17050.5799,0,0.0000
11979.1667,-19382.8962,20205.8543,59.4032,0.1598,-19556.3607,30089.9390,0,0.0000
12044.2708,-19458.5039,20209.1248,59.2540,-2291.9910,-19676.9654,47725.4263,0,0.0000
12109.3750,-19520.2198,20212.3398,59.2540,0.0003,-19785.9920,70634.8829,0,0.0000
12174.4792,-19594.6888,20215.3952,59.4032,2291.8309,-19883.4925,83407.5373,0,0.0000
12239.5833,-19668.7024,20217.5209,59.2540,-2291.8287,-19968.1683,89679.8246,0,0.0000
12304.6875,-19730.1906,20217.4204,59.2540,-0.0022,-20038.9228,95315.5838,0,0.0000
12369.7917,-19797.5998,20213.3125,59.1048,-2291.8314,-20093.7866,87726.6023,0,0.0000
12434.8958,-19861.8208,20207.1397,59.1048,0.0200,-20134.8262,74531.9252,0,0.0000
12500.0000,-19908.7340,20199.5857,59.1048,-0.0197,-20162.6924,64494.8796,0,0.0000
12565.1042,-19939.7058,20189.8095,59.2540,2291.8334,-20176.5751,56107.0682,0,0.0000
12630.2083,-19965.8952,20181.1301,59.1048,-2291.8337,-20179.6693,45699.3380,0,0.0000
12695.3125,-19998.9167,20174.3178,59.2540,2291.8314,-20172.8148,30240.5730,0,0.0000
12760.4167,-20024.4229,20167.3510,59.2546,10.2307,-20153.9588,16779.5610,0,0.0000
12825.5208,-20035.3541,20159.8433,59.2540,-10.2310,-20122.7354,7635.4846,0,0.0000
12890.6250,-20039.6811,20151.7205,59.2540,0.0003,-20079.0993,1553.8008,0,0.0000
12955.7292,-20031.7104,20142.2978,59.2540,-0.0003,-20022.4086,86.5238,0,0.0000
13020.8333,-20006.4319,20131.8204,59.4032,2291.8336,-19952.7960,2876.8056,0,0.0000
13085.9375,-19974.3214,20121.6098,59.2540,-2291.8333,-19871.9268,10484.6543,0,0.0000
13151.0417,-19952.9144,20111.9622,59.4032,2291.8309,-19779.7925,29971.1854,0,0.0000
13216.1458,-19931.9629,20102.6452,59.4032,0.0199,-19676.3879,65318.5757,0,0.0000
13281.2500,-19886.1883,20093.4804,59.4032,-0.0199,-19561.6065,105353.3525,0,0.0000
13346.3542,-19826.7498,20083.8334,59.2540,-2291.8309,-19435.2195,153295.9827,0,0.0000
13411.4583,-19753.4194,20072.9572,59.5524,4583.6621,-19295.6757,209529.3438,0,0.0000
13476.5625,-19647.9786,20060.8370,59.4032,-2291.8287,-19144.0066,253987.7625,0,0.0000
13541.6667,-19525.9132,20047.9350,59.5524,2291.8287,-18980.0759,297938.3005,0,0.0000
13606.7708,-19379.2525,20034.4263,59.5524,0.0000,-18804.5153,330322.7700,0,0.0000
13671.8750,-19187.2727,20020.5149,59.7016,2291.8314,-18617.1991,324983.9374,0,0.0000
13736.9792,-18973.8859,20006.3741,59.5524,-2291.8315,-18419.2952,307570.9318,0,0.0000
13802.0833,-18739.3199,19991.8279,59.7016,2291.8312,-18209.8571,280330.8545,0,0.0000
13867.1875,-18464.2173,19976.6662,59.7016,-0.0000,-17989.2980,225548.3052,0,0.0000
13932.2917,-18166.1134,19960.9065,59.7016,0.1599,-17757.8002,166719.7449,0,0.0000
13997.3958,-17869.1483,19944.5693,59.8508,2291.6713,-17514.9739,125439.5117,0,0.0000
14062.5000,-17591.3128,19927.8054,59.7016,-2291.8311,-17262.2705,108268.8816,0,0.0000
14127.6042,-17333.0625,19910.8883,59.8508,2291.8311,-16998.9176,111652.8228,0,0.0000
14192.7083,-17084.3769,19893.8308,59.8508,0.0000,-16725.6893,128656.8454,0,0.0000
14257.8125,-16845.9394,19876.5235,59.8508,-0.0000,-16442.6816,162616.8954,0,0.0000
14322.9167,-16611.6012,19858.7823,59.8508,0.0003,-16149.9418,213129.3533,0,0.0000
14388.0208,-16372.9359,19840.4606,59.8508,-0.0003,-15847.5642,276015.5041,0,0.0000
14453.1250,-16123.1117,19821.3756,60.0000,2291.8312,-15534.8779,346019.0049,0,0.0000
14518.2292,-15859.3958,19801.3986,60.0000,0.0000,-15212.7306,418175.7949,0,0.0000
14583.3333,-15579.9661,19780.7914,60.1492,2291.8312,-14880.7779,488864.1941,0,0.0000
14648.4375,-15267.0596,19759.6454,60.1492,-0.0003,-14540.0884,528487.1604,0,0.0000
14713.5417,-14920.2207,19737.9959,60.1492,0.0003,-14190.9395,531851.1207,0,0.0000
14778.6458,-14549.0143,19716.0750,60.1492,-0.0000,-13833.7499,511603.1366,0,0.0000
14843.7500,-14139.0931,19693.7251,60.1492,0.0000,-13468.6611,449479.1414,0,0.0000
14908.8542,-13713.0028,19670.8409,60.2984,2291.8311,-13094.9695,381965.2163,0,0.0000
14973.9583,-13303.0816,19647.5413,60.2984,0.0000,-12713.8848,347152.8694,0,0.0000
15039.0625,-12881.3182,19623.7406,60.2984,-0.1599,-12325.6270,308792.7154,0,0.0000
15104.1667,-12446.3463,19599.5412,60.2984,0.1599,-11930.5414,266054.6575,0,0.0000
15169.2708,-12025.9493,19575.0950,60.4476,2291.8311,-11528.0338,247919.8517,0,0.0000
15234.3750,-11609.1961,19550.3846,60.2984,-2291.8314,-11120.2863,239032.8384,0,0.0000
15299.4792,-11190.6210,19525.3758,60.2984,0.0003,-10706.6124,234264.3747,0,0.0000
15364.5833,-10773.4123,19499.9950,60.4476,2291.8311,-10286.2492,237327.9481,0,0.0000
15429.6875,-10354.3818,19474.2177,60.4476,-0.0025,-9860.4625,243956.2097,0,0.0000
15494.7917,-9944.0051,19448.0029,60.2984,-2291.8287,-9430.5726,263612.9320,0,0.0000
15559.8958,-9532.9452,19421.3748,60.5968,4583.6623,-8993.7837,290695.1628,0,0.0000
15625.0000,-9100.9338,19394.4160,60.4476,-2291.8314,-8553.5554,299623.1324,0,0.0000
15690.1042,-8654.5752,19367.1651,60.4476,0.0003,-8109.1717,297464.9278,0,0.0000
15755.2083,-8195.2357,19339.6619,60.4476,0.0000,-7660.9540,285456.9258,0,0.0000
15820.3125,-7722.6877,19311.9147,60.5968,2291.8112,-7208.1167,264783.2769,0,0.0000
15885.4167,-7240.8025,19283.9447,60.4476,-2291.8112,-6753.1512,237803.8675,0,0.0000
15950.5208,-6753.9072,19255.7445,60.4476,-0.0003,-6295.2771,210341.6125,0,0.0000
16015.6250,-6264.5069,19227.3195,60.4476,0.0003,-5834.8038,184644.7222,0,0.0000
16080.7292,-5765.7694,19198.6798,60.4476,0.0000,-5372.0425,155020.9099,0,0.0000
16145.8333,-5263.1605,19169.8158,60.2984,-2291.8337,-4908.4299,125833.7451,0,0.0000
16210.9375,-4754.1750,19140.7668,60.4476,2291.8336,-4442.0283,97435.5415,0,0.0000
16276.0417,-4244.2786,19111.5353,60.2984,-2291.8311,-3975.4111,72289.7041,0,0.0000
16341.1458,-3754.4227,19082.1149,60.2984,-0.0003,-3507.7510,60846.9231,0,0.0000
16406.2500,-3267.7552,19052.5373,60.2984,0.0003,-3039.3583,52165.1059,0,0.0000
16471.3542,-2769.7009,19022.8024,60.2984,-0.0000,-2570.5356,39666.8111,0,0.0000
16536.4583,-2273.4685,18992.8988,60.1492,-2291.8311,-2102.7358,29149.6704,0,0.0000
16601.5625,-1779.5135,18962.8466,60.1492,-0.0000,-1635.1125,20851.6295,0,0.0000
16666.6667,-1284.6475,18932.6500,60.1492,0.0000,-1167.9638,13615.0921,0,0.0000
16731.7708,-788.4151,18902.3157,60.1485,-10.2310,-701.5910,7538.4324,0,0.0000
16796.8750,-283.3011,18871.8593,60.0000,-2281.6002,-237.4301,2104.1505,0,0.0000
16861.9792,224.0903,18841.2900,60.0000,0.0000,225.3777,1.6576,0,0.0000
16927.0833,732.3925,18810.6187,59.8515,-2281.6002,685.4035,2207.9695,0,0.0000
16992.1875,1248.6655,18779.8432,59.8508,-10.2310,1143.5063,11058.4581,0,0.0000
17057.2917,1761.5225,18748.9712,59.8508,0.0000,1599.4115,26279.9636,0,0.0000
17122.3958,2271.8744,18718.0328,59.5524,-4583.6623,2050.5737,48974.0020,0,0.0000
17187.5000,2782.2263,18687.0135,59.7016,2291.8311,2500.1404,79572.4692,0,0.0000
17252.6042,3276.6368,18655.9140,59.5524,-2291.8309,2945.5776,109600.1757,0,0.0000
17317.7083,3761.0270,18624.7225,59.4032,-2291.8315,3386.6364,140168.3534,0,0.0000
17382.8125,4252.0215,18593.4249,59.2540,-2291.8287,3823.0726,183997.1387,0,0.0000
17447.9167,4748.7094,18562.2635,59.2540,-0.0021,4255.8095,242950.2659,0,0.0000
17513.0208,5243.5754,18531.5115,59.4032,2291.8309,4685.7738,311142.5800,0,0.0000
17578.1250,5731.8370,18501.4823,59.7016,4583.6623,5113.8958,381851.3626,0,0.0000
17643.2292,6217.5937,18472.5179,59.8508,2291.8312,5538.9534,460552.6448,0,0.0000
17708.3333,6700.3897,18444.6755,60.2984,6875.4935,5962.8968,543895.8678,0,0.0000
17773.4375,7172.2546,18417.8474,60.2984,-0.0000,6382.2644,624084.5249,0,0.0000
17838.5417,7640.0202,18391.7029,60.4476,2291.8312,6797.8036,709328.8722,0,0.0000
17903.6458,8107.1027,18365.9550,60.1492,-4583.6627,7206.0790,811843.5863,0,0.0000
17968.7500,8568.7195,18340.5128,60.1492,0.0003,7608.9537,921150.4245,0,0.0000
18033.8542,9026.9203,18315.3940,59.8508,-4583.6624,8004.2136,1045929.0544,0,0.0000
18098.9583,9475.1008,18290.6815,59.7016,-2291.8309,8392.7643,1171452.2389,0,0.0000
18164.0625,9914.6274,18265.9736,59.4032,-4583.6626,8773.2840,1302664.7889,0,0.0000
18229.1667,10349.8271,18241.1144,59.2540,-2291.8112,9146.5314,1447920.5183,0,0.0000
18294.2708,10764.5307,18216.3018,58.9555,-4583.6820,9511.4907,1570109.1537,0,0.0000
18359.3750,11171.0359,18191.2716,58.6571,-4583.6602,9867.9144,1698125.7421,0,0.0000
18424.4792,11576.8579,18166.2762,58.6571,-0.0022,10217.6676,1847398.2636,0,0.0000
18489.5833,11961.0451,18141.7663,58.6571,0.1596,10560.8295,1960603.7681,0,0.0000
18554.6875,12335.6676,18118.1044,58.5079,-2291.9908,10896.5817,2070968.0768,0,0.0000
18619.7917,12711.6564,18095.4422,58.5079,0.0025,11225.8080,2207745.4159,0,0.0000
18684.8958,13086.5066,18073.8397,58.5079,0.0172,11548.4308,2365676.9489,0,0.0000
18750.0000,13456.1189,18053.4044,58.5079,-0.0196,11864.4107,2533534.8484,0,0.0000
18815.1042,13825.0479,18033.5351,58.3587,-2291.8290,12172.4276,2731153.8772,0,0.0000
18880.2083,14194.2048,18014.4276,58.3588,1.2767,12473.3360,2961389.1486,0,0.0000
18945.3125,14553.7967,17995.3460,58.2095,-2293.1101,12765.7220,3197211.0953,0,0.0000
19010.4167,14907.9231,17976.8325,58.0603,-2291.8287,13049.8879,3452294.6759,0,0.0000
19075.5208,15248.6132,17957.4471,57.7619,-4583.6448,13323.9718,3704244.4932,0,0.0000
19140.6250,15573.8173,17932.7886,57.0158,-11459.1733,13582.4356,3965601.0855,0,0.0000
19205.7292,15885.8129,17907.0683,56.7174,-4583.5025,13830.5519,4224097.7219,0,0.0000
19270.8333,16180.2730,17880.8589,56.5682,-2291.9733,14069.4074,4455753.4030,0,0.0000
19335.9375,16475.6440,17850.6765,55.9855,-8951.0964,14294.2508,4758476.0919,0,0.0000
19401.0417,16772.6091,17822.1543,55.9714,-216.2261,14512.0618,5110074.0539,0,0.0000
19466.1458,17052.4942,17797.0860,56.2698,4583.8001,14725.5854,5414504.7025,0,0.0000
19531.2500,17327.5969,17771.9602,56.2698,-0.1377,14930.6110,5745541.2781,0,0.0000
19596.3542,17590.4019,17746.9749,55.9715,-4582.4031,15126.0862,6072851.9013,0,0.0000
19661.4583,17824.0570,17722.3091,55.9714,-1.2789,15313.3098,6303851.4197,0,0.0000
19726.5625,18024.2352,17695.9596,55.6730,-4583.6423,15489.4195,6425290.4932,0,0.0000
19791.6667,18202.3232,17668.5201,55.5238,-2291.6916,15655.4502,6486562.0799,0,0.0000
19856.7708,18411.1552,17641.8983,55.5238,-0.1396,15813.5602,6747500.0203,0,0.0000
19921.8750,18572.6186,17615.9167,55.3752,-2281.6202,15963.1044,6809564.6093,0,0.0000
19986.9792,18773.4800,17590.7467,55.3746,-10.2109,16104.7016,7122378.4781,0,0.0000
20052.0833,18961.5883,17566.7674,55.3746,0.1399,16238.6779,7414241.0644,0,0.0000
20117.1875,19127.8341,17542.8694,55.2254,-2291.9711,16363.5981,7641000.9151,0,0.0000
20182.2917,19330.0619,17517.9506,55.0762,-2290.5722,16478.4558,8131657.5909,0,0.0000
20247.3958,19391.3224,17492.1675,54.9269,-2293.0901,16583.4095,7884374.9222,0,0.0000
20312.5000,19564.8557,17465.7143,54.7777,-2291.6913,16678.6668,8330086.0713,0,0.0000
20377.6042,19558.0237,17438.7728,54.7777,-0.1396,16764.7290,7802495.1197,0,0.0000
20442.7083,19702.6347,17411.9660,54.6338,-2210.0139,16841.9118,8183735.5968,0,0.0000
20507.8125,19748.1815,17385.5175,54.4793,-2373.4889,16910.4724,8052592.9088,0,0.0000
20572.9167,19105.7439,17359.1709,54.4793,-0.1595,16970.4611,4559432.8207,0,0.0000
20638.0208,17300.2688,17332.7406,54.4794,1.2586,17021.6927,77604.6535,0,0.0000
20703.1250,13901.1111,17306.1487,54.3301,-2293.0876,17063.9133,10003317.4998,1,13901.1111
20768.2292,12293.5368,17279.1885,54.1809,-2291.6934,17096.9918,23073179.6417,1,12293.5368
20833.3333,11329.9942,17252.0159,54.1816,10.0908,17121.2890,33539095.5880,1,11329.9942
20898.4375,9626.5439,17225.0589,54.0317,-2302.0618,17137.1362,56408996.6496,1,9626.5439
20963.5417,10928.7269,17198.3357,54.0317,0.1421,17144.7250,38638631.5730,1,10928.7269
21028.6458,12953.7377,17171.6756,54.0317,-0.1421,17143.9084,17557531.0432,1,12953.7377
21093.7500,13189.8978,17144.9837,53.8826,-2290.5526,17134.5821,15560533.9422,1,13189.8978
21158.8542,13093.1109,17117.9983,53.7333,-2292.9699,17116.5839,16188335.5005,1,13093.1109
21223.9583,12944.8560,17090.4033,53.7333,-0.1377,17089.6917,17179662.8790,1,12944.8560
21289.0625,12191.0565,17062.2172,53.7759,654.3738,17053.9544,23647775.9866,1,12191.0565
21354.1667,11658.6144,17033.6372,53.5841,-2946.0673,17009.6811,28633915.1969,1,11658.6144
21419.2708,12333.8457,17004.8974,53.5841,-0.1377,16957.1429,21374877.2506,1,12333.8457
21484.3750,13301.2597,16976.1542,53.5842,1.2767,16896.5490,12926104.7698,1,13301.2597
21549.4792,14092.4077,16947.4269,53.5841,-1.1390,16827.9750,7483328.8135,1,14092.4077
21614.5833,14744.8656,16918.6582,53.4349,-2291.9686,16751.5694,4026860.3960,1,14744.8656
21679.6875,14801.7991,16889.6177,53.4355,10.2282,16667.0680,3479228.3081,1,14801.7991
21744.7917,14163.4607,16860.2084,53.4349,-10.0883,16574.4473,5812856.4567,1,14163.4607
21809.8958,13500.9825,16830.5363,53.4349,-0.1423,16473.8863,8838157.3575,1,13500.9825
21875.0000,13242.2766,16800.6783,53.2857,-2290.5523,16365.7710,9756217.0405,1,13242.2766
21940.1042,13153.9158,16770.7176,53.4349,2290.6944,16249.8222,9584636.2160,1,13153.9158
22005.2083,13254.3465,16740.7137,53.2910,-2210.1357,16126.6565,8250164.5895,1,13254.3465
22070.3125,13489.8235,16710.6645,53.2857,-81.8375,15996.1458,6281651.7130,1,13489.8235
22135.4167,13551.0839,16680.4257,53.2857,0.1424,15858.2341,5322941.9797,1,13551.0839
22200.5208,13396.6803,16649.8709,53.2857,1.1365,15712.8985,5364866.6991,1,13396.6803
22265.6250,13224.7411,16619.0507,53.1364,-2293.1079,15560.6463,5456453.0398,1,13224.7411
22330.7292,13058.0398,16588.0034,53.2857,2291.9889,15400.9260,5489115.8417,1,13058.0398
22395.8333,13059.1785,16556.7985,53.2863,10.0536,15234.2449,4730913.8820,1,13059.1785
22460.9375,13375.7288,16525.4841,53.2857,-10.2134,15060.7607,2839332.7627,1,13375.7288
22526.0417,13740.7864,16494.0426,53.2857,0.1598,14880.5683,1299102.9517,1,13740.7864
22591.1458,14011.7898,16462.4462,53.1365,-2290.7296,14694.2120,465700.0605,1,14011.7898
22656.2500,14099.2397,16430.5901,53.2857,2290.7293,14500.8324,161276.7223,1,14099.2397
22721.3542,14029.3253,16398.4407,53.4349,2291.6741,14300.4708,73519.8758,1,14029.3253
22786.4583,13734.6375,16366.0539,53.3274,-1650.8471,14094.1262,129232.1096,1,13734.6375
22851.5625,13262.7727,16333.4634,53.2857,-640.8467,13881.7669,383153.8713,1,13262.7727
22916.6667,13069.1988,16300.7113,53.4349,2291.6938,13662.8831,352461.0931,1,13069.1988
22981.7708,12956.4705,16267.8524,53.4349,1.2761,13438.1640,232028.6749,1,12956.4705
23046.8750,12845.5640,16234.8923,53.4349,-1.1363,13207.7522,131180.2642,1,12845.5640
23111.9792,12992.6802,16201.7711,53.4349,-0.1423,12971.7390,438.5334,1,12992.6802
23177.0833,12913.6565,16168.4702,53.4355,10.2309,12730.2518,33637.2722,1,12913.6565
23242.1875,12646.2968,16135.0403,53.5841,2281.7423,12482.8588,26711.9497,1,12646.2968
23307.2917,12511.9337,16101.4549,53.5842,1.1368,12230.2788,79329.4855,1,12511.9337
23372.3958,12259.8322,16067.7241,53.4349,-2293.1101,11973.3265,82085.4993,1,12259.8322
23437.5000,12128.2019,16033.9144,53.4349,0.1423,11711.5794,173574.3321,1,12128.2019
23502.6042,12206.5424,16000.0150,53.4402,81.6949,11445.1579,579706.2936,1,12206.5424
23567.7083,12265.7532,15966.0649,53.5841,2209.9939,11173.5962,1192806.8987,1,12265.7532
23632.8125,12266.8919,15932.0556,53.5841,0.1424,10897.6889,1874716.8378,1,12266.8919
23697.9167,12134.8062,15897.9292,53.5842,1.1363,10617.5549,2302051.4318,1,12134.8062
23763.0208,11935.7667,15863.7458,53.7333,2290.5525,10332.6619,2569944.9525,1,11935.7667
23828.1250,11627.4148,15829.5554,53.8825,2291.9736,10043.1660,2509844.5211,1,11627.4148
23893.2292,11332.2716,15795.3676,53.8831,10.0883,9749.9542,2503728.1916,1,11332.2716
23958.3333,11164.2039,15761.2479,54.0317,2281.6005,9452.4660,2930046.5887,1,11164.2039
24023.4375,11030.7518,15727.2235,54.0317,0.1421,9151.6226,3531126.4628,1,11030.7518
24088.5417,10939.6582,15693.2745,54.1809,2291.6891,8846.7831,4380125.8524,1,10939.6582
24153.6458,10823.5138,15659.3928,54.1810,1.2586,8538.8774,5219563.7520,1,10823.5138
24218.7500,10716.9343,15625.5585,54.3301,2290.7321,8227.2507,6198524.3820,1,10716.9343
24283.8542,10555.6986,15591.7574,54.3301,-0.1596,7912.8560,6984617.3484,1,10555.6986
24348.9583,10375.1056,15557.9938,54.3727,654.3583,7595.6292,7725488.9705,1,10375.1056
24414.0625,10191.5520,15524.3016,54.4793,1637.4726,7275.3911,8503994.2058,1,10191.5520
24479.1667,9927.1528,15490.7071,54.4793,0.1402,6952.9102,8846119.2074,1,9927.1528
24544.2708,9767.2835,15457.2345,54.6285,2291.6910,6627.5143,9858151.0416,1,9767.2835
24609.3750,9586.9182,15423.9060,54.6286,1.2789,6300.2188,10802393.2027,1,9586.9182
24674.4792,9335.4999,15390.8366,54.6285,-1.1390,5971.2377,11318259.8444,1,9335.4999
24739.5833,9221.4051,15357.9484,54.7777,2291.6916,5639.8318,12827667.8123,1,9221.4051
24804.6875,9080.4378,15325.4034,54.9276,2302.0419,5306.2024,14244852.3807,1,9080.4378
24869.7917,8791.8988,15293.6982,55.0761,2281.6202,4970.6605,14601862.4156,1,8791.8988
24934.8958,8579.4230,15262.4143,55.2254,2291.9711,4633.1868,15572779.6320,1,8579.4230
25000.0000,8301.8152,15231.4642,55.2254,-0.1399,4294.7897,16056253.9901,1,8301.8152
25065.1042,7934.4803,15201.2360,55.3746,2293.0901,3954.8338,15837586.2920,1,7934.4803
25130.2083,7688.0721,15171.1699,55.3746,-1.2590,3614.2101,16596351.8206,1,7688.0721
25195.3125,7376.9875,15141.0673,55.5238,2291.9711,3272.1445,16849735.5442,1,7376.9875
25260.4167,7056.7935,15111.3144,55.3746,-2291.9711,2930.6987,17024657.6053,1,7056.7935
25325.5208,6926.7573,15081.9145,55.5291,2373.6485,2588.1928,18823141.9566,1,6926.7573
25390.6250,6724.7573,15052.8624,55.6730,2210.0139,2244.8431,20069630.8916,1,6724.7573
25455.7292,6322.5790,15024.3657,55.6730,0.1399,1901.7078,19544102.7298,1,6322.5790
25520.8333,6115.3411,14996.3687,55.6730,-0.1599,1558.9256,20760922.3776,1,6115.3411
25585.9375,5879.8641,14968.6749,55.6730,0.0199,1216.6277,21745774.0515,1,5879.8641
25651.0417,5748.6894,14941.2948,55.8223,2293.0898,874.0635,23761977.7377,1,5748.6894
25716.1458,5639.6048,14914.2219,55.8222,-1.2587,532.3031,26084530.3466,1,5639.6048
25781.2500,4547.6202,14887.4233,55.8222,0.1374,191.5042,18975747.0222,1,4547.6202
25846.3542,2635.5656,14861.0274,55.8222,-0.1374,-148.1749,7749210.7979,1,2635.5656
25911.4583,-35.9820,14835.1639,55.8228,10.2107,-486.5928,203050.1314,1,-35.9820
25976.5625,-3303.5094,14809.8190,55.8222,-10.2107,-823.6014,6149943.5255,1,-3303.5094
26041.6667,-6348.9962,14784.9709,55.9714,2291.8112,-1159.9636,26926059.2064,1,-6348.9962
26106.7708,-8667.3283,14760.5895,55.9714,0.1598,-1494.6308,51447589.3860,1,-8667.3283
26171.8750,-9968.8281,14736.6105,55.8222,-2291.9713,-1826.5613,66296509.5586,1,-9968.8281
26236.9792,-10431.8113,14713.0005,55.9715,2293.0879,-2157.3956,68465955.1593,1,-10431.8113
26302.0833,-10426.3457,14689.7556,55.8222,-2293.0876,-2485.2074,63061677.5585,1,-10426.3457
26367.1875,-10154.2036,14666.9034,55.8763,831.0138,-2811.0711,53921595.4553,1,-10154.2036
26432.2917,-9660.0208,14644.4476,55.8222,-831.0163,-3134.2092,42586216.9311,1,-9660.0208
26497.3958,-8957.9169,14622.3842,55.8223,1.2614,-3454.8047,30284243.9623,1,-8957.9169
26562.5000,-8246.0204,14600.6837,55.6730,-2293.0901,-3771.8522,20018181.2055,1,-8246.0204
26627.6042,-7792.3743,14579.2805,55.6730,0.1396,-4086.0721,13736675.5106,1,-7792.3743
26692.7083,-7656.4171,14558.1611,55.5238,-2291.9708,-4396.4759,10627216.4901,1,-7656.4171
26757.8125,-8119.8558,14537.3519,55.5244,10.2110,-4703.8014,11669427.5344,1,-8119.8558
26822.9167,-8887.0916,14516.8251,55.3746,-2302.0422,-5007.0682,15054582.0674,1,-8887.0916
26888.0208,-10077.0018,14496.4594,55.2254,-2291.6913,-5306.1287,22761229.5077,1,-10077.0018
26953.1250,-11407.6515,14476.4897,55.2254,-0.1399,-5601.7785,33708161.3967,1,-11407.6515
27018.2292,-12634.6823,14457.4421,55.3746,2291.8112,-5894.9194,45424403.9045,1,-12634.6823
27083.3333,-13986.0559,14439.7420,55.6731,4584.9413,-6186.4183,60834346.5411,1,-13986.0559
27148.4375,-14691.8035,14423.9172,56.1206,6874.2343,-6477.1816,67480012.9838,1,-14691.8035
27213.5417,-15667.1883,14410.2975,56.7174,9167.4624,-6768.0239,79195126.9414,1,-15667.1883
27278.6458,-15625.7407,14398.7283,57.0158,4583.5246,-7057.2021,73419852.7506,1,-15625.7407
27343.7500,-16231.0576,14388.6638,57.1651,2291.8112,-7343.5945,78987001.7713,1,-16231.0576
27408.8542,-14973.2828,14379.4169,57.1704,81.8351,-7626.0269,53982169.1673,1,-14973.2828
27473.9583,-8434.8119,14370.4773,57.0158,-2373.6660,-7903.3323,282470.5051,1,-8434.8119
27539.0625,-7060.6649,14361.6255,56.8666,-2291.8140,-8175.3200,1242456.0026,1,-7060.6649
27604.1667,-6482.2206,14352.7989,56.5682,-4583.5200,-8441.1434,3837378.7941,1,-6482.2206
27669.2708,-2061.9036,14343.8313,56.2698,-4583.8219,-8700.6393,44072811.0409,1,-2061.9036
27734.3750,-4069.3788,14334.6234,56.1206,-2291.8112,-8954.3640,23863080.3666,1,-4069.3788
27799.4792,-8025.1184,14325.2364,55.9715,-2290.5725,-9202.2551,1385650.7768,1,-8025.1184
27864.5833,-8100.0429,14315.8830,55.8222,-2293.0898,-9444.3582,1807183.5747,1,-8100.0429
27929.6875,-8362.6202,14306.8208,55.6730,-2291.6938,-9680.7701,1737519.1128,1,-8362.6202
27994.7917,-8818.7714,14298.2955,55.5238,-2291.9686,-9911.6007,1194275.8220,1,-8818.7714
28059.8958,-7217.5737,14290.6677,55.6736,2302.0422,-10138.2935,8530604.5170,1,-7217.5737
28125.0000,-6292.5182,14284.2282,55.6730,-10.2113,-10360.3427,16547196.7627,1,-6292.5182
28190.1042,-7360.8183,14279.1193,55.8222,2291.9713,-10578.3881,10352755.0585,1,-7360.8183
28255.2083,-8248.9809,14275.2319,55.8222,-0.1598,-10791.6846,6465341.7376,1,-8248.9809
28320.3125,-9293.1413,14272.4169,55.9714,2291.8511,-11000.6196,2915481.9921,1,-9293.1413
28385.4167,-10679.1305,14270.3993,55.8223,-2290.5725,-11203.7930,275270.7514,1,-10679.1305
28450.5208,-10953.3222,14268.8099,55.8222,-1.2587,-11401.4095,200782.1995,1,-10953.3222
28515.6250,-10161.2633,14267.5039,55.6730,-2291.6938,-11592.7604,2049183.7561,1,-10161.2633
28580.7292,-9519.7367,14266.4707,55.5238,-2291.9686,-11777.7982,5098841.6730,1,-9519.7367
28645.8333,-9087.2698,14265.8878,55.5664,654.3561,-11957.2471,8236769.6115,1,-9087.2698
28710.9375,-8845.8718,14265.7865,55.5238,-654.3564,-12130.7827,10790639.8127,1,-8845.8718
28776.0417,-9194.7602,14266.4276,55.5238,0.1402,-12298.6983,9634431.5464,1,-9194.7602
28841.1458,-9779.5812,14267.6451,55.5238,-0.1399,-12460.7879,7188869.5479,1,-9779.5812
28906.2500,-10137.8067,14269.4508,55.3746,-2290.5722,-12616.5901,6144366.7914,1,-10137.8067
28971.3542,-10323.4100,14272.4551,55.5238,2290.5722,-12767.4186,5973178.3264,1,-10323.4100
29036.4583,-10453.6738,14277.7793,55.5238,-0.0200,-12913.8204,6052321.2744,1,-10453.6738
29101.5625,-10401.7504,14287.0315,55.8222,4583.8222,-13057.9616,7055457.4300,1,-10401.7504
29166.6667,-10508.3300,14298.5037,55.9714,2291.6910,-13197.8506,7233521.3051,1,-10508.3300
29231.7708,-11016.8600,14311.6337,55.9721,10.2113,-13332.5693,5362509.5700,1,-11016.8600
29296.8750,-11530.1724,14327.2440,56.1206,2281.6177,-13463.1460,3736386.9330,1,-11530.1724
29361.9792,-11897.2796,14342.2603,55.8222,-4583.5203,-13585.7492,2850929.5118,1,-11897.2796
29427.0833,-12188.0959,14355.8799,55.8222,-0.1396,-13700.1555,2286324.2095,1,-12188.0959
29492.1875,-12255.0497,14369.9132,55.8222,-0.0199,-13808.0020,2411660.7449,1,-12255.0497
29557.2917,-12025.0384,14384.7096,55.6731,-2290.5523,-13909.3406,3550594.8514,1,-12025.0384
29622.3958,-11789.5614,14400.3436,55.6730,-1.2589,-14004.4519,4905739.8206,1,-11789.5614
29687.5000,-11686.6257,14417.4847,55.8222,2291.9708,-14094.1246,5796051.1746,1,-11686.6257
29752.6042,-11715.3202,14435.9098,55.8222,-0.1396,-14177.8745,6064174.0741,1,-11715.3202
29817.7083,-11954.2131,14454.3397,55.8275,81.8151,-14254.4004,5290861.3823,1,-11954.2131
29882.8125,-12255.0497,14472.4523,55.6730,-2373.6463,-14323.1870,4277191.9166,1,-12255.0497
29947.9167,-12484.8333,14490.3594,55.8222,2291.9708,-14384.5663,3608985.2271,1,-12484.8333
30013.0208,-12610.9980,14508.1774,55.6730,-2291.9708,-14438.3687,3339283.8377,1,-12610.9980
30078.1250,-12680.6846,14526.5392,55.8222,2291.8112,-14485.3716,3256895.0491,1,-12680.6846
30143.2292,-12772.6891,14546.1681,55.8223,1.2789,-14526.1502,3074625.6123,1,-12772.6891
30208.3333,-12892.7049,14567.1036,55.8222,-1.2592,-14560.7079,2782233.8534,1,-12892.7049
30273.4375,-13083.3183,14588.9229,55.9714,2291.9713,-14588.5917,2265847.9190,1,-13083.3183
30338.5417,-13285.0906,14611.4314,55.9714,-0.1423,-14609.5242,1754124.3258,1,-13285.0906
30403.6458,-13451.5642,14634.4264,55.9721,10.2131,-14623.2678,1372889.2830,1,-13451.5642
30468.7500,-13524.6668,14657.7587,56.1206,2281.6205,-14629.5861,1220846.6345,1,-13524.6668
30533.8542,-13475.0208,14681.6037,56.1206,-0.0200,-14628.6393,1330835.6781,1,-13475.0208
30598.9583,-13424.6916,14706.2009,56.2698,2291.9908,-14620.5416,1430057.2540,1,-13424.6916
30664.0625,-13388.2541,14731.5830,56.2698,-0.1421,-14605.3540,1481332.1056,1,-13388.2541
30729.1667,-13395.5416,14757.7795,56.4191,2293.0923,-14582.9425,1409920.9525,1,-13395.5416
30794.2708,-13436.3060,14784.6231,56.4190,-1.2786,-14553.2155,1247486.7474,1,-13436.3060
30859.3750,-13479.5755,14811.7551,56.5682,2291.8509,-14515.6216,1073391.6143,1,-13479.5755
30924.4792,-13520.1121,14839.1160,56.5682,0.1377,-14470.2291,902722.2216,1,-13520.1121
30989.5833,-13470.6938,14866.7794,56.7174,2291.6935,-14416.8801,895268.4359,1,-13470.6938
31054.6875,-13397.3635,14894.9098,56.8666,2291.8112,-14355.6654,918342.4784,1,-13397.3635
31119.7917,-13376.8674,14923.6447,56.9084,640.9844,-14286.8391,828048.4672,1,-13376.8674
31184.8958,-13365.2530,14953.2120,57.1651,3942.6979,-14210.1867,713912.9214,1,-13365.2530
31250.0000,-13369.1245,14983.7917,57.0158,-2291.8511,-14126.5933,573759.0075,1,-13369.1245
31315.1042,-13407.6115,15015.0584,57.3143,4583.8197,-14034.8312,393404.5568,1,-13407.6115
31380.2083,-13411.0275,15046.9095,57.3143,-0.1571,-13935.3753,274940.5591,1,-13411.0275
31445.3125,-13311.7355,15079.3304,57.4635,2291.8484,-13827.8519,266376.1772,1,-13311.7355
31510.4167,-13182.8381,15112.0326,57.6127,2291.8137,-13711.9482,279957.5306,1,-13182.8381
31575.5208,-13083.3183,15145.2288,57.7620,2293.1076,-13587.8159,254517.8511,1,-13083.3183
31640.6250,-12946.9056,15179.1070,57.9111,2290.5545,-13455.5812,258750.8539,1,-12946.9056
31705.7292,-12847.6136,15213.5161,57.9111,0.0178,-13315.5178,218934.3496,1,-12847.6136
31770.8333,-12810.2652,15248.5442,58.2095,4583.6448,-13166.7896,127109.6405,1,-12810.2652
31835.9375,-12717.1220,15284.0607,58.2095,-0.0025,-13010.1710,85877.7123,1,-12717.1220
31901.0417,-12640.1479,15319.8421,58.5079,4583.8219,-12844.4917,41756.3647,1,-12640.1479
31966.1458,-12524.9145,15355.8900,58.5079,-0.1571,-12670.7418,21265.5872,1,-12524.9145
32031.2500,-12294.2200,15392.2528,58.6571,2291.8287,-12488.4661,37731.5495,1,-12294.2200
32096.3542,-12106.7949,15429.0460,58.9555,4583.6820,-12297.1864,36248.9114,1,-12106.7949
32161.4583,-11960.5897,15466.3211,58.9555,-0.0200,-12098.0602,18898.1540,1,-11960.5897
32226.5625,-11782.5017,15504.1561,59.2540,4583.6627,-11889.9930,11554.3860,1,-11782.5017
32291.6667,-11656.1093,15542.5036,59.2540,0.0021,-11674.1487,325.4209,1,-11656.1093
32356.7708,-11544.0642,15581.2261,59.5524,4583.6599,-11449.2046,8998.3503,1,-11544.0642
32421.8750,-11375.3133,15620.2716,59.5524,-0.0000,-11216.4188,25247.4691,1,-11375.3133
32486.9792,-11209.9784,15659.5720,59.8508,4583.6627,-10974.4684,55464.9843,1,-11209.9784
32552.0833,-11012.5330,15699.1295,59.8508,-0.0003,-10724.7432,82822.9877,1,-11012.5330
32617.1875,-10798.4631,15738.9407,60.1492,4583.6624,-10465.9095,110591.9153,1,-10798.4631
32682.2917,-10575.0560,15779.0154,60.4476,4583.6620,-10197.9776,142188.1406,1,-10575.0560
32747.3958,-10366.9071,15819.3009,60.4476,0.0003,-9922.4309,197559.1630,1,-10366.9071
32812.5000,-10187.6805,15859.7400,60.5968,2291.8287,-9638.5910,301499.3182,1,-10187.6805
32877.6042,-9926.9251,15900.3103,60.5968,0.0025,-9347.3143,335948.6630,1,-9926.9251
32942.7083,-9714.9047,15940.8885,60.8952,4583.6621,-9047.0700,446003.1629,1,-9714.9047
33007.8125,-9563.2339,15981.4921,60.8952,-0.0197,-8739.5620,678435.3929,1,-9563.2339
33072.9167,-9334.5889,16022.1895,61.0445,2291.8508,-8424.1553,828889.3992,1,-9334.5889
33138.0208,-9094.1018,16062.9436,61.1937,2291.8290,-8100.9494,986351.7989,1,-9094.1018
33203.1250,-8912.3701,16103.8171,61.4921,4583.6645,-7769.2417,1306742.4339,1,-8912.3701
33268.2292,-8718.3407,16144.9055,61.7905,4583.5028,-7429.1669,1661969.1057,1,-8718.3407
33333.3333,-8411.1276,16186.1670,61.9397,2291.9883,-7081.6894,1767405.8129,1,-8411.1276
33398.4375,-8150.1444,16227.6559,62.0889,2291.8137,-6726.9789,2025400.0451,1,-8150.1444
33463.5417,-7954.7486,16269.4234,62.3873,4583.6798,-6364.2928,2529549.5714,1,-7954.7486
33528.6458,-7677.5963,16311.3911,62.5364,2290.5548,-5994.6486,2832313.2369,1,-7677.5963
33593.7500,-7405.2265,16353.5489,62.6857,2293.1076,-5618.2123,3193419.5799,1,-7405.2265
33658.8542,-7177.4925,16395.8389,62.8349,2291.8137,-5235.1458,3772710.6144,1,-7177.4925
33723.9583,-6965.9276,16438.1335,62.9842,2291.8484,-4845.6035,4495774.3771,1,-6965.9276
33789.0625,-6662.3582,16480.4192,63.2826,4583.5028,-4448.8231,4899737.6263,1,-6662.3582
33854.1667,-6373.5915,16522.7226,63.2826,0.1424,-4046.9582,5413222.3742,1,-6373.5915
33919.2708,-6175.6906,16564.9734,63.5393,3942.6930,-3638.5499,6437082.8307,1,-6175.6906
33984.3750,-5845.2486,16607.1956,63.7302,2932.8177,-3224.2634,6869563.4994,1,-5845.2486
34049.4792,-5579.0275,16649.3932,63.7302,-0.0197,-2805.6222,7691777.0889,1,-5579.0275
34114.5833,-5388.6419,16691.5959,64.1778,6875.3558,-2379.8817,9052638.1418,1,-5388.6419
34179.6875,-5102.8357,16733.9878,64.0286,-2291.6938,-1951.3444,9931897.4972,1,-5102.8357
34244.7917,-4865.0814,16776.6286,64.0285,-1.2586,-1519.2865,11194343.7227,1,-4865.0814
34309.8958,-4584.9686,16819.4894,63.8794,-2290.5525,-1085.0002,12249778.6923,1,-4584.9686
34375.0000,-4263.4082,16862.4557,63.4318,-6875.5132,-650.8275,13050739.3657,1,-4263.4082
34440.1042,-4021.0992,16905.3065,63.2826,-2291.9689,-215.0191,14486245.8366,1,-4021.0992
34505.2083,-3698.6279,16947.8633,62.9842,-4583.5246,221.0790,15364101.8140,1,-3698.6279
34570.3125,-3381.8499,16989.9855,62.9842,0.0199,659.2059,16330132.0956,1,-3381.8499
34635.4167,-3223.1193,17031.6548,63.1327,2281.6024,1100.0674,18689943.6487,1,-3223.1193
34700.5208,-2986.5037,17072.8351,63.2826,2302.0599,1543.3411,20519493.5126,1,-2986.5037
34765.6250,-2729.3920,17113.4027,63.5810,4583.6424,1989.7073,22269898.4764,1,-2729.3920
34830.7292,-2559.7302,17153.5617,63.7302,2291.6910,2437.8016,24975324.1372,1,-2559.7302
34895.8333,-2373.4437,17193.4080,64.0286,4583.8047,2888.3282,27686244.1410,1,-2373.4437
34960.9375,-2173.7210,17232.8609,64.1777,2290.5700,3339.8859,30399861.9203,1,-2173.7210
35026.0417,-1970.3546,17272.1293,64.4762,4584.9210,3793.1910,33218457.2879,1,-1970.3546
35091.1458,-1696.6183,17311.2361,64.7746,4583.5225,4247.8870,35337143.2875,1,-1696.6183
35156.2500,-1477.9937,17349.8852,64.7746,0.1399,4701.4857,38185965.1757,1,-1477.9937
35221.3542,-1607.8020,17387.9626,64.7693,-81.8176,5153.5494,45715873.8933,1,-1607.8020
35286.4583,-1216.0996,17425.2817,64.7746,81.8176,5603.7146,46509865.8096,1,-1216.0996
35351.5625,362.5525,17461.6340,64.6254,-2291.9711,6050.4834,32352557.6376,1,362.5525
35416.6667,2787.6919,17497.0086,64.6254,0.1399,6494.4639,13740158.6516,1,2787.6919
35481.7708,6138.7977,17531.3658,64.4761,-2293.0901,6934.2567,632755.0677,1,6138.7977
35546.8750,9942.8664,17564.9020,64.6254,2293.0901,7371.5197,6611824.2714,1,9942.8664
35611.9792,13205.3837,17597.4516,64.4762,-2291.8112,7803.8403,29176671.3778,1,13205.3837
35677.0833,15261.1385,17629.4742,64.7746,4583.5025,8233.9282,49381684.7046,1,15261.1385
35742.1875,16001.2740,17660.5741,64.6254,-2291.6913,8658.3441,53918619.5426,1,16001.2740
35807.2917,15858.4848,17691.6813,64.9232,4573.4514,9079.9957,45947914.8291,1,15858.4848
35872.3958,15394.8184,17725.8925,65.8191,13761.0382,9503.8087,34703995.2251,1,15394.8184
35937.5000,14867.8419,17760.4789,66.1175,4583.8219,9924.2954,24438651.9061,1,14867.8419
36002.6042,14162.7775,17795.0240,66.1174,-1.2611,10339.0498,14620892.8927,1,14162.7775
36067.7083,13360.4706,17832.0692,66.8635,11460.2571,10753.6116,6795713.9700,1,13360.4706
36132.8125,12716.4388,17867.5124,66.5651,-4583.5050,11159.0414,2425486.8085,1,12716.4388
36197.9167,12434.7319,17899.8497,66.0749,-7529.8471,11552.9587,777523.8725,1,12434.7319
36263.0208,12607.3542,17931.6562,66.2667,2946.0276,11940.4679,444737.3767,1,12607.3542
36328.1250,13188.9869,17962.7826,66.1175,-2291.6716,12319.2257,756484.4407,1,13188.9869
36393.2292,14084.6647,17993.0623,66.1174,-1.2611,12689.6004,1946204.4717,1,14084.6647
36458.3333,15194.6402,18024.1298,66.2667,2292.9324,13053.1837,4585835.9469,1,15194.6402
36523.4375,16310.7645,18055.5592,66.4159,2291.9910,13409.3444,8418239.0468,1,16310.7645
36588.5417,17218.7400,18085.7532,66.4153,-10.2132,13755.8087,11991893.0180,1,17218.7400
36653.6458,17862.0886,18114.8185,66.2667,-2281.7778,14091.6159,14216464.4195,1,17862.0886
36718.7500,18205.5114,18142.5905,66.1175,-2291.6713,14416.3592,14357674.3851,1,18205.5114
36783.8542,18329.1710,18168.5426,66.1174,-1.2611,14729.9938,12954076.1657,1,18329.1710
36848.9583,18362.6479,18193.4209,66.1175,1.2611,15032.7891,11087959.8298,1,18362.6479
36914.0625,18356.4991,18218.1783,66.1175,-0.1596,15325.2447,9188503.0422,1,18356.4991
36979.1667,18402.7291,18242.6879,66.2614,2210.1732,15607.5587,7812977.5135,1,18402.7291
37044.2708,18530.7156,18266.7590,66.1175,-2210.0158,15878.1820,7035934.5465,1,18530.7156
37109.3750,18669.8611,18290.2185,66.2667,2291.6735,16137.8206,6411229.1109,1,18669.8611
37174.4792,18806.2737,18312.4835,66.1174,-2292.9302,16384.6322,5864347.5036,1,18806.2737
37239.5833,18936.9930,18333.2783,66.1175,1.2567,16618.6648,5374645.8290,1,18936.9930
37304.6875,19046.5331,18352.7974,66.1175,-0.1377,16839.8460,4869468.0489,1,19046.5331
37369.7917,19153.3403,18371.2005,65.9676,-2301.9219,17047.6741,4433830.4560,1,19153.3403
37434.8958,19240.5625,18388.5224,66.1175,2302.0618,17242.8372,3990906.0741,1,19240.5625
37500.0000,19300.9120,18404.9371,65.9683,-2291.9732,17424.4930,3520948.2524,1,19300.9120
37565.1042,19352.8353,18420.2701,65.9683,0.1421,17592.7132,3098029.9366,1,19352.8353
37630.2083,19413.4126,18434.0782,66.1174,2290.5526,17747.2046,2776248.8510,1,19413.4126
37695.3125,19480.1386,18446.3161,65.9142,-3121.5667,17887.0196,2538028.3796,1,19480.1386
37760.4167,19515.6651,18457.0958,65.9682,829.7355,18012.6586,2259028.7110,1,19515.6651
37825.5208,19524.0913,18466.4800,65.8191,-2290.5526,18123.7229,1961031.6315,1,19524.0913
37890.6250,19532.5174,18474.7003,65.9683,2291.6891,18220.7853,1720641.2260,1,19532.5174
37955.7292,19534.3393,18482.0726,65.9683,0.1421,18303.8138,1514193.0106,1,19534.3393
38020.8333,19523.4081,18488.6143,65.9676,-10.2307,18372.7435,1324029.0617,1,19523.4081
38085.9375,19488.1093,18494.1862,65.9683,10.0908,18427.3689,1125170.2333,1,19488.1093
38151.0417,19456.4543,18498.6345,65.9683,0.1377,18467.4802,978069.7128,1,19456.4543
38216.1458,19430.2649,18501.7160,65.9682,-1.2567,18492.7922,878854.9362,1,19430.2649
38281.2500,19352.8353,18503.3315,65.9683,1.0994,18503.1779,721917.7835,1,19352.8353
38346.3542,19251.9492,18503.5114,65.8191,-2291.6716,18498.6814,567412.3433,1,19251.9492
38411.4583,19134.2107,18502.3301,65.9630,2210.0114,18479.3620,428826.8231,1,19134.2107
38476.5625,18977.7574,18499.8143,66.1175,2373.6510,18445.1717,283647.5227,1,18977.7574
38541.6667,18804.4518,18495.9176,65.9683,-2291.9907,18396.2440,166633.6861,1,18804.4518
38606.7708,18625.2252,18490.5921,65.9682,-1.0994,18332.5262,85672.7228,1,18625.2252
38671.8750,18438.2556,18483.7277,65.9683,1.2567,18253.9772,33958.5157,1,18438.2556
38736.9792,18248.7809,18475.2920,66.1175,2291.6935,18160.4430,7803.5839,1,18248.7809
38802.0833,18068.4156,18465.3203,66.1169,-10.0908,18052.2087,262.6621,0,0.0000
38867.1875,17886.2284,18453.9122,66.1175,10.2306,17929.4870,1871.3120,0,0.0000
38932.2917,17701.9916,18441.1949,66.1175,-0.1420,17792.5338,8197.9006,0,0.0000
38997.3958,17530.7356,18427.1769,66.1175,0.1421,17641.5018,12269.1544,0,0.0000
39062.5000,17374.7378,18411.8493,66.2666,2290.5523,17476.1884,10292.2208,0,0.0000
39127.6042,17225.1166,18395.1583,66.2667,1.1368,17297.0137,5169.1985,0,0.0000
39192.7083,17069.5742,18377.0667,66.2667,0.1420,17104.1343,1194.3970,0,0.0000
39257.8125,16907.8831,18357.5512,66.3733,1637.4555,16897.4226,109.4216,0,0.0000
39322.9167,16730.0228,18336.5923,66.2667,-1637.5978,16677.6893,2738.8010,0,0.0000
39388.0208,16528.0228,18314.2722,66.4159,2291.9735,16444.4599,6982.7583,0,0.0000
39453.1250,16304.3880,18290.5864,66.5651,2290.5523,16197.8994,11339.8135,0,0.0000
39518.2292,16066.6337,18265.4520,66.5651,1.1368,15938.6649,16376.0194,0,0.0000
39583.3333,15819.7700,18238.8447,66.5645,-10.0889,15667.0194,23332.7676,0,0.0000
39648.4375,15552.8658,18210.7229,66.7143,2302.0621,15382.6237,28982.3703,0,0.0000
39713.5417,15270.0202,18181.0283,66.7143,-0.1423,15086.2888,33757.2089,0,0.0000
39778.6458,14986.0359,18149.7960,66.8635,2290.6946,14777.7285,43391.9688,0,0.0000
39843.7500,14687.0211,18117.1222,66.8636,1.2767,14457.9548,52471.4035,0,0.0000
39908.8542,14375.0255,18083.0439,67.0128,2291.6735,14126.6566,61687.1492,0,0.0000
39973.9583,14071.6839,18047.5485,67.1566,2210.1709,13784.1419,82680.3850,0,0.0000
40039.0625,13755.5891,18010.6688,67.1620,81.6602,13431.4256,105081.9267,0,0.0000
40104.1667,13422.4142,17972.3784,67.3112,2291.9885,13068.1433,125507.9171,0,0.0000
40169.2708,13085.3679,17932.6226,67.4603,2290.5545,12694.5913,152706.3864,0,0.0000
40234.3750,12733.2911,17891.4491,67.6096,2292.9680,12311.1541,178199.7036,0,0.0000
40299.4792,12372.1050,17848.8688,67.6089,-10.0886,11919.0173,205288.4376,0,0.0000
40364.5833,12007.9584,17804.9282,67.9080,4593.7310,11516.9767,241063.0273,0,0.0000
40429.6875,11646.3168,17759.7233,67.9080,0.1595,11107.1201,290733.0132,0,0.0000
40494.7917,11289.6853,17713.2465,68.0571,2290.5551,10689.0236,360794.4535,0,0.0000
40559.8958,10923.4890,17665.4886,68.2064,2292.9477,10263.0842,436134.6167,0,0.0000
40625.0000,10538.6186,17616.4775,68.3139,1651.0241,9829.9826,502164.9410,0,0.0000
40690.1042,10136.4403,17566.2011,68.5048,2932.6379,9389.6422,557707.4354,0,0.0000
40755.2083,9717.6375,17514.6799,68.8032,4582.5436,8941.8366,601867.1206,0,0.0000
40820.3125,9276.2890,17461.9753,68.8032,1.1212,8488.8659,620035.2389,0,0.0000
40885.4167,8818.9991,17408.1171,69.1010,4573.5888,8029.3501,623545.6295,0,0.0000
40950.5208,8358.7487,17353.1553,69.2509,2301.9022,7564.6820,630542.0516,0,0.0000
41015.6250,7894.3991,17297.1316,69.4000,2290.7121,7095.3479,638482.8295,0,0.0000
41080.7292,7422.5343,17240.0899,69.5493,2292.9502,6621.8334,641121.8768,0,0.0000
41145.8333,6946.7979,17182.0663,69.8424,4501.9846,6143.6809,644997.0337,0,0.0000
41210.9375,6463.5464,17123.0916,69.9969,2373.5089,5662.2738,642037.8319,0,0.0000
41276.0417,5979.6116,17063.2410,70.2953,4582.5408,5177.1615,643926.1824,0,0.0000
41341.1458,5508.8855,17002.5402,70.4445,2292.9524,4689.8156,670875.4534,0,0.0000
41406.2500,5028.8222,16941.0154,70.7423,4573.5716,4199.7344,687386.4959,0,0.0000
41471.3542,4529.6293,16878.7362,70.8922,2301.9220,3708.4106,674400.1446,0,0.0000
41536.4583,4029.9809,16815.7519,71.1905,4582.5411,3215.3424,663635.7692,0,0.0000
41601.5625,3520.3122,16752.1038,71.4464,3930.4076,2721.3098,638404.7681,0,0.0000
41666.6667,2995.3853,16687.8558,71.7874,5238.0359,2226.2362,591590.4012,0,0.0000
41731.7708,2481.6174,16623.0858,71.9365,2290.6946,1731.9190,562047.7030,0,0.0000
41796.8750,1979.9194,16557.8465,72.2350,4584.7989,1237.8416,550679.4118,0,0.0000
41861.9792,1478.2214,16492.1967,72.5328,4573.4339,744.5024,538343.4999,0,0.0000
41927.0833,979.0285,16426.2082,72.8318,4592.7715,252.3849,528010.8531,0,0.0000
41992.1875,465.0328,16359.9485,73.1303,4584.7617,-238.0191,494282.0644,0,0.0000
42057.2917,-61.2604,16293.4893,73.4234,4501.8469,-726.1896,442130.7367,0,0.0000
42122.3958,-590.0588,16226.9063,73.7270,4664.3584,-1211.7182,386460.4440,0,0.0000
42187.5000,-1119.9958,16160.2713,74.1741,6866.4016,-1695.0739,330714.8186,0,0.0000
42252.6042,-1626.0208,16093.6605,74.3239,2302.0422,-2173.8294,300094.2579,0,0.0000
42317.7083,-2106.9950,16027.1652,74.7715,6874.2346,-2649.4759,294285.5140,0,0.0000
42382.8125,-2574.7606,15960.8499,74.9067,2076.8444,-3119.5338,296777.8277,0,0.0000
42447.9167,-3020.8915,15894.8058,75.3683,7090.6199,-3585.6634,318967.2431,0,0.0000
42513.0208,-3445.1600,15829.1493,75.8153,6866.3994,-4047.3158,362591.6222,0,0.0000
42578.1250,-3865.5569,15763.9880,76.1144,4593.8755,-4503.1289,406498.0824,0,0.0000
42643.2292,-4277.0723,15699.4699,76.4128,4582.3834,-4952.7100,456486.4151,0,0.0000
42708.3333,-4678.7950,15635.7093,76.7059,4503.1212,-5395.6471,513876.8690,0,0.0000
42773.4375,-5086.8944,15572.8230,77.1588,6956.0322,-5832.5197,555957.1921,0,0.0000
42838.5417,-5501.8257,15510.9616,77.6058,6866.5439,-6262.9110,579250.8604,0,0.0000
42903.6458,-5929.9656,15450.1736,77.9048,4592.7715,-6685.5667,570932.9200,0,0.0000
42968.7500,-6372.9083,15390.5141,78.3099,6222.2366,-7100.7243,529716.1654,0,0.0000
43033.8542,-6823.3661,15332.1050,78.6509,5236.7597,-7507.6821,468288.4347,0,0.0000
43098.9583,-7279.2896,15274.9739,79.0125,5555.2591,-7906.1880,393001.6667,0,0.0000
43164.0625,-7741.3619,15219.2121,79.3969,5903.8940,-8296.0286,307655.1722,0,0.0000
43229.1667,-8199.5627,15164.9824,79.8020,6222.3989,-8677.0205,227965.9338,0,0.0000
43294.2708,-8640.2280,15112.3801,80.1430,5236.7592,-9048.5258,166707.1582,0,0.0000
43359.3750,-9073.6058,15061.5071,80.4408,4574.6906,-9410.0584,113200.3450,0,0.0000
43424.4792,-9495.8246,15012.4786,80.8890,6884.4628,-9762.0797,70891.7811,0,0.0000
43489.5833,-9893.6759,14965.3539,81.1821,4501.8272,-10103.5584,44050.6608,0,0.0000
43554.6875,-10262.3772,14920.2974,81.6344,6948.3766,-10435.0071,29801.0548,0,0.0000
43619.7917,-10599.1958,14877.6992,81.7842,2300.7657,-10755.0770,24298.9437,0,0.0000
43684.8958,-10922.1226,14837.2432,82.2179,6660.3865,-11064.4926,20269.2037,0,0.0000
43750.0000,-11242.9998,14798.0468,82.3811,2506.9357,-11361.1814,13966.8765,0,0.0000
43815.1042,-11562.7384,14759.4072,82.3805,-8.9321,-11643.7142,6557.0791,0,0.0000
43880.2083,-11893.1804,14720.4459,82.2265,-2364.7145,-11910.6205,304.1583,0,0.0000
43945.3125,-12236.3756,14680.6471,82.2319,81.8154,-12161.8371,5555.9782,0,0.0000
44010.4167,-12579.5707,14640.3884,82.2313,-8.9321,-12397.4032,33185.0097,0,0.0000
44075.5208,-12925.2709,14600.7282,82.3811,2300.6256,-12618.4699,94126.8655,0,0.0000
44140.6250,-13275.2981,14562.8901,82.6370,3930.7029,-12826.1904,201697.6850,0,0.0000
44205.7292,-13608.7006,14527.7491,82.8287,2944.9479,-13020.9674,345430.3192,0,0.0000
44270.8333,-13924.5677,14495.7068,83.2756,6865.2626,-13203.6583,519710.3689,0,0.0000
44335.9375,-14231.0977,14466.9208,83.4203,2221.4838,-13373.4647,735534.3179,0,0.0000
44401.0417,-14528.2905,14441.6451,83.8731,6955.9120,-13531.1746,994240.0816,0,0.0000
44466.1458,-14808.4034,14420.0305,84.0218,2283.0190,-13676.1025,1282105.3019,0,0.0000
44531.2500,-15065.9705,14401.9618,84.1298,1659.8163,-13807.9859,1582525.2879,0,0.0000
44596.3542,-15320.5771,14387.1098,84.4700,5224.6292,-13926.7802,1942669.7593,0,0.0000
44661.4583,-15564.7080,14375.0075,84.4694,-9.1119,-14031.3743,2351112.2481,0,0.0000
44726.5625,-15790.1646,14365.2324,84.6139,2219.1255,-14121.4792,2784511.1675,0,0.0000
44791.6667,-16016.0768,14357.4520,84.6192,81.8173,-14196.5211,3310782.8453,0,0.0000
44856.7708,-16240.6225,14351.4488,84.6186,-9.0941,-14256.2397,3937775.1213,0,0.0000
44921.8750,-16458.3362,14347.3078,84.6192,9.0944,-14300.6875,4655447.9830,0,0.0000
44986.9792,-16670.1288,14345.3170,84.5766,-654.3563,-14330.1159,5475660.5526,0,0.0000
45052.0833,-16875.5449,14345.7211,84.6186,645.2444,-14344.7847,6404746.9807,0,0.0000
