report,t_s,F0.Va.rms,F0.Va.ang_rad,F0.Va.freq_hz,F0.Va.event,F0.Vb.rms,F0.Vb.ang_rad,F0.Vb.freq_hz,F0.Vb.event,F0.Vc.rms,F0.Vc.ang_rad,F0.Vc.freq_hz,F0.Vc.event,F0.Ia.rms,F0.Ia.ang_rad,F0.Ia.freq_hz,F0.Ia.event,F0.Ib.rms,F0.Ib.ang_rad,F0.Ib.freq_hz,F0.Ib.event,F0.Ic.rms,F0.Ic.ang_rad,F0.Ic.freq_hz,F0.Ic.event,F0.mode
0,0.008320,7906.62,-0.938508,60.00000,0,7949.09,1.146510,60.00000,0,7926.11,3.248604,60.00000,0,101.825,-0.747927,60.00000,0,81.9245,1.475381,60.00000,0,104.147,3.402797,60.00000,0,PMU
1,0.016640,7907.2,-0.932893,60.00000,0,7951.74,1.150844,60.00000,0,7935.79,3.253729,60.00000,0,101.678,-0.743471,60.00000,0,81.6521,1.480813,60.00000,0,104.032,3.406930,60.00000,0,PMU
2,0.025024,7910.32,-0.927766,60.09616,0,7949.55,1.156337,60.10195,0,7934.29,3.258429,60.09036,0,101.913,-0.736575,60.12975,0,81.8336,1.486795,60.11122,0,104.204,3.413156,60.11933,0,PMU
3,0.033344,7907.97,-0.922761,60.09574,0,7950.78,1.161034,60.08986,0,7935.59,3.263739,60.10158,0,101.917,-0.732974,60.06889,0,81.9134,1.490762,60.07589,0,104.329,3.417306,60.07940,0,PMU
4,0.041664,7910.23,-0.917756,60.09574,0,7950.02,1.166405,60.10275,0,7934.18,3.268560,60.09223,0,101.926,-0.726809,60.11793,0,81.9544,1.496432,60.10848,0,104.217,3.422921,60.10741,0,PMU
5,0.049984,7908.17,-0.912691,60.09691,0,7950.81,1.171166,60.09107,0,7935.47,3.273870,60.10158,0,101.622,-0.723452,60.06422,0,81.6331,1.501498,60.09691,0,103.855,3.427010,60.07823,0,PMU
6,0.058304,7910.63,-0.907688,60.09570,0,7950.07,1.176476,60.10157,0,7934.38,3.278692,60.09224,0,101.842,-0.717717,60.10971,0,81.7753,1.506198,60.08990,0,104.065,3.432565,60.10625,0,PMU
7,0.066688,7909.36,-0.902500,60.09847,0,7950.24,1.181359,60.09268,0,7935.42,3.283802,60.09699,0,101.879,-0.713262,60.08457,0,81.8222,1.511325,60.09731,0,104.206,3.436835,60.08106,0,PMU
8,0.075008,7912.1,-0.897495,60.09574,0,7949.94,1.186669,60.10158,0,7934.65,3.288623,60.09224,0,101.96,-0.707585,60.10859,0,81.9391,1.516452,60.09808,0,104.214,3.443060,60.11909,0,PMU
9,0.083328,7909.86,-0.892368,60.09807,0,7950.82,1.191534,60.09307,0,7935.68,3.293994,60.10275,0,101.691,-0.702703,60.09340,0,81.6858,1.522799,60.12143,0,103.809,3.447516,60.08523,0,PMU
10,0.091648,7911.85,-0.887363,60.09574,0,7949.59,1.196844,60.10158,0,7934.41,3.298816,60.09223,0,101.926,-0.696721,60.11442,0,81.875,1.527619,60.09220,0,103.982,3.453863,60.12142,0,PMU
11,0.099968,7909.37,-0.882298,60.09691,0,7950.39,1.201605,60.09107,0,7935.22,3.304126,60.10158,0,102.052,-0.691717,60.09574,0,82.0214,1.533112,60.10508,0,104.197,3.458624,60.09107,0,PMU
12,0.108352,7912.64,-0.877188,60.09699,0,7948.15,1.207098,60.10426,0,7933.79,3.308826,60.08921,0,102.205,-0.687095,60.08772,0,82.1776,1.537140,60.07646,0,104.326,3.464278,60.10732,0,PMU
13,0.116672,7910.43,-0.872061,60.09808,0,7948.89,1.211858,60.09107,0,7934.68,3.314072,60.10037,0,101.956,-0.682761,60.08290,0,81.8869,1.542816,60.10858,0,104.083,3.467574,60.06305,0,PMU
14,0.124992,7912.67,-0.866995,60.09691,0,7947.9,1.217169,60.10158,0,7933.97,3.318833,60.09107,0,101.961,-0.678367,60.08407,0,81.9283,1.546356,60.06772,0,104.112,3.473189,60.10742,0,PMU
15,0.133312,7910.28,-0.861929,60.09690,0,7948.99,1.221929,60.09107,0,7935.07,3.324143,60.10158,0,101.868,-0.673240,60.09807,0,81.9093,1.552460,60.11676,0,104.058,3.477400,60.08056,0,PMU
16,0.141696,7913.78,-0.856802,60.09732,0,7947.48,1.227481,60.10538,0,7933.94,3.328904,60.09036,0,101.979,-0.667747,60.10427,0,82.0036,1.556776,60.08192,0,104.2,3.483748,60.12049,0,PMU
17,0.150016,7911.4,-0.851736,60.09691,0,7948.7,1.232242,60.09107,0,7934.82,3.334275,60.10275,0,101.766,-0.662254,60.10508,0,81.8007,1.563917,60.13661,0,103.945,3.488509,60.09107,0,PMU
18,0.158336,7913.48,-0.846734,60.09570,0,7947.91,1.237613,60.10275,0,7933.65,3.339158,60.09341,0,101.864,-0.656946,60.10154,0,81.8901,1.567640,60.07122,0,104.046,3.494366,60.11205,0,PMU
19,0.166656,7911.75,-0.841668,60.09691,0,7949.17,1.242435,60.09223,0,7934.36,3.344389,60.10009,0,101.984,-0.651819,60.09808,0,82.0054,1.573953,60.12076,0,104.081,3.498822,60.08523,0,PMU
20,0.174976,7914,-0.836541,60.09808,0,7947.41,1.247867,60.10391,0,7933.28,3.349211,60.09224,0,101.969,-0.647058,60.09107,0,81.9953,1.577248,60.06305,0,104.22,3.504437,60.10742,0,PMU
21,0.183360,7912.9,-0.831353,60.09847,0,7948.02,1.252788,60.09342,0,7933.92,3.354460,60.09963,0,101.676,-0.642298,60.09036,0,81.7395,1.584267,60.13323,0,103.825,3.508343,60.07414,0,PMU
22,0.191680,7915.45,-0.826287,60.09691,0,7947.59,1.258159,60.10275,0,7933.87,3.359404,60.09457,0,101.718,-0.636988,60.10158,0,81.7225,1.587363,60.05921,0,103.942,3.513714,60.10275,0,PMU
23,0.200000,7913.41,-0.821160,60.09808,0,7948.92,1.263042,60.09340,0,7934.71,3.364775,60.10275,0,101.826,-0.632044,60.09457,0,81.8317,1.594077,60.12843,0,103.764,3.518536,60.09224,0,PMU
24,0.208320,7915.73,-0.816051,60.09774,0,7947.27,1.268352,60.10158,0,7934.21,3.369536,60.09107,0,101.768,-0.626385,60.10825,0,81.8029,1.597922,60.07356,0,103.943,3.524622,60.11642,0,PMU
25,0.216640,7913.37,-0.810985,60.09691,0,7948.79,1.273113,60.09107,0,7934.89,3.374843,60.10154,0,101.59,-0.621319,60.09691,0,81.6785,1.605307,60.14127,0,103.639,3.529321,60.08990,0,PMU
26,0.225024,7916.74,-0.805858,60.09732,0,7946.59,1.278665,60.10539,0,7933.55,3.379543,60.08921,0,101.759,-0.615460,60.11122,0,81.7576,1.609701,60.08341,0,103.846,3.535425,60.11585,0,PMU
27,0.233344,7914.17,-0.800853,60.09574,0,7947.94,1.283364,60.08990,0,7934.15,3.384853,60.10158,0,102.085,-0.610272,60.09924,0,82.1225,1.616171,60.12376,0,104.089,3.540124,60.08990,0,PMU
28,0.241664,7916.97,-0.795726,60.09808,0,7946.53,1.288797,60.10391,0,7933.82,3.389614,60.09107,0,102.194,-0.605512,60.09107,0,82.1761,1.618366,60.04199,0,104.415,3.545495,60.10275,0,PMU
29,0.249984,7914.39,-0.790661,60.09691,0,7947.79,1.293618,60.09223,0,7934.26,3.395046,60.10391,0,102.178,-0.603131,60.04554,0,81.9976,1.624592,60.11909,0,104.033,3.549463,60.07589,0,PMU
30,0.258304,7916.59,-0.785597,60.09687,0,7946.11,1.298989,60.10275,0,7933.39,3.399868,60.09224,0,102.699,-0.599042,60.07823,0,81.9298,1.627949,60.06422,0,104.104,3.554404,60.09453,0,PMU
31,0.266688,7914.96,-0.780563,60.09555,0,7946.63,1.303872,60.09268,0,7933.62,3.405117,60.09963,0,103.281,-0.594344,60.08917,0,82.0848,1.634662,60.12743,0,104.133,3.558677,60.08110,0,PMU
32,0.275008,7913.52,-0.775497,60.09691,0,7944.71,1.309226,60.10241,0,7933.05,3.409921,60.09191,0,106.867,-0.616559,59.57505,0,81.9534,1.638568,60.07473,0,104.126,3.564414,60.10975,0,PMU
33,0.283328,5972.21,-0.735171,60.77143,1,7943.86,1.316733,60.14361,0,7925.96,3.413766,60.07356,0,228.366,4.163631,31.24819,1,86.9714,1.660291,60.41555,0,106.725,3.342925,55.76298,0,PMU
34,0.291648,3881.1,-1.018804,54.57419,1,7872.64,1.320395,60.07005,1,7936.67,3.409311,59.91477,1,219.233,2.748920,32.93703,1,85.3497,1.335287,53.78278,1,126.434,3.416879,61.41472,1,POW
35,0.300032,3788.63,-1.031865,59.75208,1,7869.12,1.318991,59.97335,1,7941.38,3.412362,60.05793,1,729.057,0.803661,23.07628,1,78.6732,1.352680,60.33014,1,148.774,3.470504,61.01787,1,POW
36,0.308352,3478.95,-1.005560,60.50322,1,6115.79,1.135951,56.49851,1,7901.45,3.419015,60.12727,1,293.001,2.544319,-26.89709,1,217.759,0.770797,48.86877,1,137.687,3.500042,60.56506,1,POW
37,0.316672,2999.78,-0.904758,61.92830,1,4898.11,0.727297,52.18258,1,7773.67,3.423226,60.08056,1,885.243,0.610822,23.01283,1,848.527,0.415863,53.21022,1,474.57,2.372321,38.42706,1,POW
38,0.324992,3481.08,-0.985546,58.45455,1,6564.81,1.187462,68.80280,1,7803.48,3.410836,59.76299,1,219.158,2.061285,-32.44841,1,146.519,1.699107,84.54803,1,600.269,0.957838,32.94140,1,POW
39,0.333312,3654.19,-1.005865,59.61131,1,7753.02,1.306191,62.27125,1,7886.39,3.431039,60.38646,1,755.43,0.807018,36.00626,1,85.4213,0.807628,42.94630,1,104.781,3.048436,99.99246,1,POW
40,0.341696,3723.58,-0.995495,60.19684,1,7784.97,1.345295,60.74224,1,7888.1,3.451422,60.38691,1,255.071,2.516367,-26.81775,1,23.7524,0.107986,46.71982,1,160.448,0.414887,10.01159,1,POW
41,0.350016,5614.61,-0.975903,60.37479,1,7834.89,1.348774,60.06655,1,7881,3.462530,60.21249,1,910.326,0.845879,28.04411,1,19.1374,3.154759,-1.91153,1,19.1397,0.149716,54.92737,1,POW
42,0.358336,7769.84,-0.731387,64.67751,1,7879.85,1.361286,60.23935,1,7883.85,3.467635,60.09765,1,17.5127,3.325669,-12.75773,1,19.0116,0.043422,0.48112,0,9.13511,3.221200,-1.43882,1,POW
43,0.366656,7846.34,-0.713750,60.33739,1,7885.95,1.369281,60.15295,1,7889.82,3.475081,60.14244,1,20.1724,0.080767,-2.07394,1,18.4158,3.187578,-0.04862,0,8.49589,0.065392,-0.36959,1,POW
44,0.374976,7859.74,-0.707585,60.11793,1,7879.04,1.376649,60.14095,1,7896.38,3.480513,60.10391,1,18.8344,3.210830,-0.31822,1,17.9087,0.048913,-0.04165,0,8.00509,3.210158,-0.03694,0,POW
45,0.383360,7864.41,-0.702581,60.09499,0,7900.75,1.380983,60.08226,0,7903.71,3.486067,60.10543,0,17.8243,0.043116,-0.12759,0,17.4583,3.170915,-0.00362,0,7.55274,0.045436,-0.07082,0,POW
46,0.391680,7871.42,-0.697759,60.09224,0,7892.58,1.387696,60.12843,0,7906.41,3.490399,60.08286,0,17.0024,3.187089,-0.05212,0,16.9879,0.034999,0.01092,0,7.1644,3.190810,-0.02531,0,POW
47,0.400000,7878.34,-0.691839,60.11326,0,7910.08,1.392213,60.08640,0,7912.25,3.495953,60.10625,0,16.2981,0.048119,-0.04749,0,16.5663,3.180864,-0.01593,0,6.79058,0.055138,0.01560,0,POW
48,0.408320,7879.13,-0.686118,60.10943,0,7898.09,1.398866,60.12727,0,7911.95,3.500775,60.09224,0,15.6612,3.193252,-0.02994,0,16.1541,0.042506,-0.03577,0,6.46099,3.199783,-0.03928,0,POW
49,0.416640,7884.7,-0.680625,60.10508,0,7915.28,1.403136,60.08169,0,7915.8,3.506268,60.10508,0,15.0686,0.056847,0.00159,0,15.8241,3.189162,-0.00079,0,6.1526,0.061303,-0.03811,0,POW
50,0.425024,7889.37,-0.674888,60.10890,0,7906.54,1.410155,60.13323,0,7917.23,3.511456,60.09848,0,14.5152,3.178972,-0.00131,0,15.454,0.029323,0.02186,0,5.86755,3.184099,0.01143,0,POW
51,0.433344,7895.01,-0.669273,60.10742,0,7924.11,1.414428,60.08173,0,7922.18,3.517315,60.11209,0,13.9382,0.042201,-0.00542,0,15.0986,3.174272,-0.03344,0,5.60052,0.047143,-0.00896,0,POW
52,0.441664,7896.42,-0.663780,60.10508,0,7913.88,1.421080,60.12726,0,7922.48,3.522241,60.09424,0,13.4598,3.187759,-0.02181,0,14.7839,0.038722,0.01793,0,5.34657,3.194534,0.01326,0,POW
53,0.449984,7900.7,-0.658533,60.10037,0,7929.01,1.425231,60.07939,0,7926.71,3.527795,60.10625,0,12.9753,0.052208,0.01793,0,14.4608,3.184160,-0.02410,0,5.11592,0.055016,-0.05796,0,POW
54,0.458304,7900.82,-0.652979,60.10625,0,7918.76,1.431700,60.12376,0,7926.66,3.532861,60.09691,0,12.518,3.197524,-0.02643,0,14.1713,0.047814,0.00271,0,4.897,3.202834,0.02144,0,POW
55,0.466688,7903.89,-0.647913,60.09616,0,7932.36,1.436016,60.08192,0,7928.28,3.538232,60.10195,0,12.0862,0.036769,0.00448,0,13.8862,3.169878,-0.00247,0,4.69567,0.041957,0.00216,0,POW
56,0.475008,7904.62,-0.642603,60.10157,0,7921,1.442303,60.12026,0,7928.2,3.543054,60.09224,0,11.6764,3.182512,-0.01826,0,13.5976,0.033290,-0.00192,0,4.48856,3.186784,-0.03577,0,POW
57,0.483328,7906.38,-0.637537,60.09691,0,7934.49,1.446331,60.07706,0,7930.05,3.548547,60.10508,0,11.2774,0.046837,0.01556,0,13.3193,3.180070,0.00159,0,4.298,0.050805,0.00972,0,PMU
58,0.491648,7905.53,-0.632349,60.09924,0,7922.73,1.452495,60.11792,0,7928.72,3.553245,60.08986,0,10.8984,3.192825,-0.01359,0,13.04,0.043055,-0.01009,0,4.13961,3.196487,-0.01943,0,PMU
59,0.500032,7908.27,-0.627545,60.09119,0,7934.16,1.456585,60.07762,0,7929.5,3.558433,60.09848,0,10.5168,0.032924,0.02070,0,12.7772,3.166521,0.02414,0,3.97208,0.035731,0.00448,0,PMU
60,0.508352,7908.07,-0.622235,60.10158,0,7923.83,1.462627,60.11559,0,7929.45,3.563193,60.09107,0,10.1676,3.177873,-0.03344,0,12.4997,0.030726,0.01326,0,3.80736,3.182634,0.00392,0,PMU
61,0.516672,7910.33,-0.617352,60.09341,0,7936.36,1.466898,60.08169,0,7930.85,3.568564,60.10274,0,9.82737,0.042079,0.01326,0,12.2154,3.177019,-0.00775,0,3.6569,0.046166,0.00038,0,PMU
62,0.524992,7909.19,-0.611981,60.10274,0,7924.96,1.472940,60.11559,0,7930.72,3.573264,60.08990,0,9.50047,3.188552,-0.00429,0,11.9656,0.039332,-0.02293,0,3.50682,3.192458,-0.00775,0,PMU
63,0.533312,7910.4,-0.607282,60.08990,0,7937.37,1.476968,60.07706,0,7932.51,3.578696,60.10391,0,9.18627,0.051476,-0.01126,0,11.7425,3.184953,-0.02060,0,3.38269,0.054406,-0.02994,0,PMU
64,0.541696,7912.83,-0.601850,60.10311,0,7926.34,1.483255,60.11932,0,7931.4,3.583396,60.08921,0,8.90762,3.172807,-0.01637,0,11.5208,0.023402,-0.01062,0,3.25466,3.176591,-0.00015,0,PMU
65,0.550016,7913.45,-0.596908,60.09453,0,7937.53,1.487405,60.07939,0,7932.71,3.588750,60.10242,0,8.62514,0.037074,0.01443,0,11.3123,3.172258,0.04128,0,3.1246,0.040553,0.00859,0,PMU
66,0.558336,7912.69,-0.591781,60.09808,0,7926.86,1.493203,60.11092,0,7932.17,3.593510,60.09107,0,8.3566,3.182695,-0.02060,0,11.0659,0.035609,-0.00308,0,3.006,3.189285,0.03891,0,PMU
67,0.566656,7914.58,-0.586959,60.09224,0,7938.75,1.497348,60.07929,0,7932.94,3.598820,60.10158,0,8.09092,0.047570,0.02607,0,10.8415,3.181413,-0.01709,0,2.88264,0.050316,-0.04745,0,PMU
68,0.574976,7907.56,-0.583480,60.06655,0,7926.82,1.503574,60.11909,0,7911.2,3.603276,60.08523,0,3.56001,1.499118,-32.42766,0,11.0508,0.047753,0.05409,0,14.6354,3.437506,4.60054,0,PMU
69,0.583360,7268.01,-0.536490,60.89195,1,7477.13,1.512973,60.17841,0,7747.09,3.611821,60.16219,1,432.467,0.881565,48.27799,1,189.576,2.994501,-3.33020,1,300.701,2.498684,42.17986,1,PMU
70,0.591680,6739,-0.637476,58.06816,1,6183.82,1.460125,58.98904,1,7710.04,3.591008,59.60186,1,720.306,0.926484,60.85929,1,1091.9,3.207168,64.06824,1,260.023,2.541025,60.80996,1,POW
71,0.600000,7380.06,-0.538015,61.90265,1,7346.44,1.485269,60.48100,1,7821.44,3.612187,60.40514,1,263.627,0.879019,59.09200,1,186.614,2.530588,47.05725,1,217.486,2.588807,60.91406,1,POW
72,0.608320,6956.35,-0.613934,58.54770,1,6547.77,1.491922,60.12727,1,7731.81,3.603581,59.83537,1,602.855,0.893528,60.27756,1,930.757,3.187517,72.56684,1,247.558,2.684853,61.83733,1,POW
73,0.616640,7477.51,-0.534905,61.51181,1,7513.81,1.501376,60.18086,1,7820.6,3.619570,60.30586,1,178.936,0.688865,56.08486,1,130.302,2.144877,40.05465,1,204.048,2.727682,60.81931,1,POW
74,0.625024,7118.52,-0.599896,58.76637,1,6812.31,1.509188,60.14829,1,7757.67,3.613896,59.89230,1,403.187,0.881382,63.65424,1,780.993,3.156101,79.19443,1,235.091,2.825843,61.86322,1,POW
75,0.633344,7544.63,-0.531304,61.31216,1,7614.44,1.514682,60.10508,1,7820.31,3.627260,60.25566,1,116.563,0.049218,44.08097,1,129.813,1.605612,30.33964,1,203.88,2.820899,59.90543,1,POW
76,0.641664,7243.51,-0.586471,58.94467,1,7017.45,1.523104,60.16113,1,7784.44,3.624025,59.93812,1,279.517,0.681114,72.08796,1,607.027,3.140573,89.36330,1,221.253,2.925795,62.00663,1,POW
77,0.649984,7609.96,-0.525383,61.16858,1,7691.81,1.526886,60.07235,1,7832.86,3.636537,60.23935,1,117.145,-0.689170,33.78691,1,135.465,1.345295,25.65691,1,190.95,2.920547,59.89959,1,POW
78,0.658304,7339.81,-0.572494,59.09879,1,7171.31,1.535859,60.17163,1,7807.66,3.634645,59.96381,1,191.578,0.207313,77.14944,1,423.758,3.061863,92.83741,1,206.898,3.019447,61.89192,1,POW
79,0.666688,7654.66,-0.518609,61.02282,1,7744.03,1.539154,60.06256,1,7839.93,3.645937,60.21433,1,208.866,-1.470743,28.14817,1,157.489,1.122846,23.19476,1,185.078,2.999445,59.62034,1,POW
80,0.675008,7423.97,-0.558889,59.22945,1,7292.81,1.547272,60.15528,1,7824.51,3.645021,59.98249,1,278.166,-1.459698,60.21129,1,213.506,2.624266,88.72168,1,199.663,3.089750,61.72752,1,POW
81,0.683328,7691.16,-0.510979,60.91650,1,7782.64,1.550629,60.06422,1,7847.51,3.656112,60.21217,1,326.475,4.560781,54.97450,1,177.728,0.947280,27.91980,1,172.621,3.054417,59.32409,1,POW
82,0.691648,7488.92,-0.545279,59.34387,1,7388.95,1.559034,60.16079,1,7840.28,3.655807,59.99416,1,548.237,4.594576,60.64650,1,366.19,0.506951,51.57666,1,188.008,3.161760,62.05344,1,POW
83,0.700032,7721.55,-0.502452,60.81291,1,7812.67,1.562513,60.06604,1,7856.43,3.666244,60.19810,1,291.094,4.538811,58.94149,1,185.791,0.830560,66.14254,1,160.386,3.117641,59.16256,1,POW
84,0.708352,7546.36,-0.532463,59.42589,1,7468.87,1.570020,60.14361,1,7854.2,3.666610,60.00701,1,474.649,4.695884,63.00475,1,640.079,0.284197,49.54826,1,178.085,3.227914,62.10948,1,POW
85,0.716672,7746.52,-0.494090,60.73407,1,7835.35,1.573647,60.06938,1,7863.21,3.676803,60.19499,1,259.779,4.523125,56.69518,1,180.546,0.803783,69.93951,1,148.736,3.165666,58.80923,1,POW
86,0.724992,7592.44,-0.519829,59.50762,1,7529.81,1.581155,60.14361,1,7864.51,3.677230,60.00817,1,419.143,-1.492959,65.10956,1,544.425,0.318374,50.71429,1,168.396,3.279363,62.17499,1,POW
87,0.733312,7767.37,-0.485179,60.66285,1,7852.44,1.584451,60.06305,1,7870.33,3.687298,60.19261,1,232.778,4.507090,54.58369,1,169.318,0.831964,69.82480,1,138.857,3.213393,58.73801,1,POW
88,0.741696,7634.41,-0.507745,59.57168,1,7581.54,1.591818,60.13985,1,7872.66,3.688031,60.01390,1,373.034,-1.397157,67.19278,1,465.816,0.357046,50.98540,1,159.728,3.326157,62.14042,1,POW
89,0.750016,7784.1,-0.475780,60.61147,1,7865.87,1.596030,60.08056,1,7874.19,3.697735,60.18564,1,210.522,4.489756,52.41944,1,159.236,0.847344,69.37925,1,130.553,3.251410,58.57010,1,POW
90,0.758336,7665.36,-0.495799,59.61704,1,7625.42,1.602621,60.12609,1,7879.5,3.698834,60.02102,1,335.081,-1.310263,69.24281,1,398.305,0.397189,51.38868,1,152.19,3.365263,62.17798,1,POW
91,0.766656,7798.86,-0.466688,60.55689,1,7877.54,1.606772,60.07940,1,7878.74,3.708172,60.17864,1,189.271,4.495493,50.86694,1,149.981,0.867666,69.00008,1,123.131,3.290271,58.56543,1,POW
92,0.774976,7692.1,-0.484203,59.66495,1,7660.46,1.613241,60.12376,1,7884.92,3.709265,60.02091,1,304.537,-1.230960,70.65010,1,345.124,0.441803,51.85337,1,146.105,3.404384,62.18294,1,POW
93,0.783360,7809.4,-0.457472,60.50739,1,7886.5,1.617634,60.08337,1,7881.65,3.718420,60.17378,1,170.953,4.510630,49.71977,1,142.373,0.881077,68.33803,1,117.88,3.336167,58.70514,1,POW
94,0.791680,7718.05,-0.473158,59.69994,1,7694.15,1.623493,60.11209,1,7890.04,3.719763,60.02569,1,279.726,-1.147243,71.96204,1,296.841,0.502452,52.75703,1,141.299,3.452276,62.22114,1,POW
95,0.800000,7820.94,-0.448195,60.47753,1,7894.72,1.628193,60.08990,1,7885.67,3.728674,60.17046,1,154.674,4.547597,48.74514,1,136.539,0.911348,67.82205,1,113.483,3.382656,58.66818,1,POW
96,0.808320,7738.4,-0.462049,59.73496,1,7720.46,1.633747,60.10624,1,7894.27,3.730139,60.02802,1,259.559,-1.079209,72.55632,1,260.067,0.561025,53.29844,1,137.768,3.489668,62.04712,1,POW
97,0.816640,7831.16,-0.438812,60.44452,1,7901.53,1.638507,60.09107,1,7889.41,3.738806,60.16580,1,140.467,4.585666,48.17191,1,130.998,0.938508,67.22112,1,109.864,3.425118,58.76518,1,POW
98,0.825024,7758.89,-0.451063,59.76746,1,7742.99,1.643817,60.10079,1,7898.38,3.740329,60.02892,1,241.73,-1.022039,72.82157,1,230.07,0.629786,54.14002,1,133.271,3.528772,61.96749,1,POW
99,0.833344,7838.41,-0.429230,60.41767,1,7907.87,1.649000,60.09913,1,7891.48,3.748935,60.16463,1,127.632,4.603793,47.42503,1,125.383,0.947707,66.08173,1,106.221,3.465255,58.78494,1,POW
100,0.841664,7775.63,-0.440155,59.79100,1,7765.07,1.654249,60.10041,1,7901.74,3.750644,60.03269,1,224.559,-0.973400,73.50541,1,203.271,0.689597,55.06245,1,130.034,3.563071,61.87120,1,POW
101,0.849984,7847.64,-0.419403,60.39697,1,7912.79,1.659559,60.10158,1,7894.55,3.759128,60.16229,1,115.855,4.641565,47.21717,1,119.253,0.977978,65.51662,1,103.041,3.502789,58.84682,1,POW
102,0.858304,7788.63,-0.429047,59.81553,1,7781.45,1.664685,60.09807,1,7904.58,3.761142,60.03853,1,210.189,-0.927644,73.65814,1,182.534,0.749453,55.62839,1,126.884,3.593327,61.73197,1,POW
103,0.866688,7853.6,-0.409701,60.36721,1,7916.81,1.670179,60.10427,1,7895.56,3.769382,60.15640,1,106.207,4.683127,47.23665,1,113.201,0.996593,64.69107,1,100.634,3.533899,58.87197,1,POW
104,0.875008,7802.75,-0.418366,59.83425,1,7796.34,1.674878,60.08990,1,7906.24,3.771378,60.03820,1,199.196,-0.884373,73.69083,1,165.618,0.820123,56.62418,1,124.129,3.622744,61.69957,1,POW
105,0.883328,7857.95,-0.400118,60.34906,1,7919.79,1.680247,60.10271,1,7897.33,3.779374,60.15295,1,98.5276,-1.534699,47.55947,1,108.955,1.039248,64.19180,1,99.7493,3.571372,59.01727,1,POW
106,0.891648,7810.61,-0.408053,59.84821,1,7807.96,1.684764,60.08640,1,7906.06,3.781327,60.03736,1,193.256,-0.844231,73.20842,1,154.881,0.886509,57.07814,1,126.392,3.627871,61.08080,1,POW
107,0.900032,7862.88,-0.390780,60.32786,1,7921.02,1.690379,60.10658,1,7895.55,3.789017,60.14597,1,95.3084,-1.457256,48.36394,1,107.014,1.062869,63.34755,1,101.767,3.578147,59.05617,1,POW
108,0.908352,7820.43,-0.397860,59.86457,1,7819.97,1.694712,60.08289,1,7907.01,3.791337,60.04437,1,187.491,-0.804637,72.48439,1,144.468,0.967299,58.17178,1,126.411,3.649276,61.36069,1,POW
109,0.916672,7865.62,-0.381442,60.31407,1,7922.98,1.700449,60.10975,1,7894.79,3.799027,60.14711,1,93.9231,-1.358600,49.40287,1,105.921,1.096420,62.47005,1,104.233,3.570578,58.49453,1,POW
110,0.924992,7829.67,-0.387118,59.89141,1,7829.52,1.704905,60.08523,1,7907.91,3.801346,60.04437,1,178.73,-0.785719,70.95903,1,136.629,1.018560,58.51056,1,124.203,3.662093,61.75065,1,POW
111,0.933312,7870.31,-0.371633,60.29623,1,7925.93,1.710625,60.10942,1,7898.46,3.809035,60.14707,1,86.9415,-1.286111,50.42766,1,100.79,1.145595,62.43013,1,102.619,3.622011,59.23324,1,POW
112,0.941696,7839.05,-0.376882,59.90037,1,7839.75,1.715141,60.08573,1,7909.15,3.811537,60.04750,1,173.409,-0.735537,70.45065,1,129.258,1.090622,58.95654,1,124.35,3.690411,61.29833,1,POW
113,0.950016,7874.42,-0.361990,60.28488,1,7927.31,1.721001,60.11209,1,7898.54,3.819105,60.14477,1,85.1098,-1.201117,51.09362,1,97.435,1.179528,61.70074,1,102.6,3.643495,59.10251,1,POW
114,0.958336,7844.1,-0.366506,59.91360,1,7847.67,1.725273,60.08173,1,7910.8,3.821730,60.05021,1,169.065,-0.707219,69.44810,1,122.937,1.148097,59.39874,1,123.007,3.712561,61.32120,1,POW
115,0.966656,7877.92,-0.352285,60.27204,1,7930.06,1.731254,60.11442,1,7900.49,3.829237,60.14361,1,82.1781,-1.146754,51.59183,1,93.6469,1.215276,61.28512,1,100.763,3.670943,59.20387,1,POW
116,0.974976,7851.76,-0.356008,59.92878,1,7854.64,1.735466,60.08056,1,7912.82,3.831922,60.05137,1,161.422,-0.672935,69.06401,1,116.049,1.203192,59.76882,1,119.947,3.738684,61.29585,1,POW
117,0.983360,7882.35,-0.342155,60.26295,1,7932.92,1.741567,60.11581,1,7901.46,3.839413,60.14218,1,76.2567,-1.094650,51.99526,1,89.3662,1.250652,60.90086,1,99.5368,3.699810,59.26213,1,POW
118,0.991680,7859.51,-0.345451,59.93695,1,7862.82,1.745840,60.08173,1,7913.7,3.842281,60.05488,1,154.728,-0.641749,68.66386,1,111.705,1.266948,60.31174,1,118.367,3.763217,61.21295,1,POW
119,1.000000,7885.74,-0.332146,60.25453,1,7933.81,1.751760,60.11325,1,7903.04,3.849544,60.13894,1,73.7407,-1.026738,52.63527,1,86.9101,1.291177,60.46349,1,98.0781,3.724401,59.25747,1,POW
120,1.008320,7863.01,-0.335075,59.94396,1,7869.14,1.755910,60.07940,1,7915.02,3.852535,60.05721,1,149.265,-0.613690,67.90148,1,107.008,1.323691,60.62198,1,116.705,3.785783,61.17420,1,POW
121,1.016640,7888.69,-0.322319,60.24402,1,7935.84,1.761953,60.11559,1,7904.08,3.859676,60.13661,1,71.8703,-0.960646,53.36284,1,84.5709,1.334128,60.19966,1,97.7303,3.747776,59.27294,1,POW
122,1.025024,7869.78,-0.324700,59.95482,1,7874.46,1.766286,60.08226,1,7915.02,3.862667,60.05677,1,145.953,-0.583236,67.16377,1,104.324,1.381044,60.89054,1,115.672,3.804518,61.07705,1,POW
123,1.033344,7890.74,-0.312454,60.23426,1,7937.7,1.772250,60.11410,1,7903.93,3.869806,60.13657,1,70.573,-0.904026,53.86340,1,82.4438,1.365375,59.70026,1,97.7919,3.767123,59.28465,1,POW
124,1.041664,7874.06,-0.314407,59.96264,1,7879.7,1.776523,60.08173,1,7915.59,3.872796,60.05721,1,142.341,-0.555105,66.67474,1,102.137,1.421141,61.06679,1,115.138,3.821547,61.04110,1,POW
125,1.049984,7893.66,-0.302505,60.22767,1,7938.45,1.782443,60.11325,1,7904.73,3.879815,60.13427,1,69.3123,-0.846673,54.42240,1,80.7435,1.405394,59.69877,1,97.4189,3.788041,59.35905,1,POW
126,1.058304,7875.8,-0.304092,59.96964,1,7884.62,1.786655,60.08056,1,7916.2,3.882989,60.06071,1,138.48,-0.528801,66.08078,1,98.6566,1.475564,61.34233,1,114.55,3.840023,60.99440,1,POW
127,1.066688,7895.58,-0.292803,60.21429,1,7939.54,1.792819,60.11701,1,7904.13,3.889886,60.13091,1,68.6998,-0.788891,55.06315,1,78.272,1.436260,59.25395,1,97.0217,3.806532,59.36430,1,POW
128,1.075008,7880.99,-0.293841,59.98015,1,7887.91,1.796847,60.07706,1,7916.15,3.892999,60.05955,1,135.771,-0.500865,65.50984,1,97.1125,1.522494,61.64962,1,113.165,3.857113,60.96759,1,POW
129,1.083328,7896.14,-0.282915,60.20900,1,7939.48,1.802646,60.11092,1,7904.77,3.899878,60.13160,1,68.2137,-0.737429,55.47460,1,77.4008,1.473489,59.06255,1,96.7798,3.826246,59.40954,1,POW
130,1.091648,7883.22,-0.283770,59.98365,1,7890.8,1.806733,60.07819,1,7915.21,3.902930,60.05838,1,132.95,-0.474864,65.02278,1,95.7902,1.562940,61.71117,1,112.825,3.872491,60.88465,1,POW
131,1.100032,7897.95,-0.273150,60.20158,1,7939.08,1.812836,60.11585,1,7903.63,3.909705,60.12860,1,67.8471,-0.686485,55.98315,1,75.9827,1.504123,58.88356,1,96.9999,3.843746,59.45438,1,POW
132,1.108352,7886.27,-0.273760,59.98832,1,7893.14,1.816864,60.07706,1,7914.48,3.913123,60.06538,1,131.177,-0.450453,64.51521,1,95.543,1.590964,61.66124,1,112.06,3.887689,60.84060,1,POW
133,1.116672,7899.66,-0.263280,60.20049,1,7939.94,1.822907,60.11559,1,7903.65,3.919775,60.12727,1,68.5344,-0.645594,56.26702,1,75.9336,1.534150,58.91316,1,97.2426,3.852413,59.32519,1,POW
134,1.124992,7888.29,-0.263463,59.99650,1,7895.65,1.826935,60.07706,1,7914.44,3.923193,60.06538,1,129.448,-0.429108,64.14131,1,94.9454,1.628254,61.80018,1,112.08,3.895301,60.82043,1,POW
135,1.133312,7899.92,-0.253453,60.19148,1,7940.42,1.832794,60.11209,1,7903.95,3.929873,60.12778,1,69.0688,-0.597335,56.78186,1,75.7797,1.565321,58.79611,1,97.4379,3.868341,59.48427,1,POW
136,1.141696,7892.34,-0.253392,60.00116,1,7899.42,1.837110,60.08192,1,7913.78,3.933291,60.06488,1,127.677,-0.405123,63.64845,1,94.8879,1.667737,61.94400,1,111.618,3.912573,60.83959,1,POW
137,1.150016,7902.95,-0.243505,60.18914,1,7941.26,1.843092,60.11442,1,7904.18,3.939822,60.12493,1,68.8303,-0.555471,57.12389,1,74.888,1.594748,58.60374,1,98.0207,3.887444,59.51930,1,POW
138,1.158336,7894.65,-0.243138,60.00701,1,7902.46,1.847303,60.08056,1,7914.83,3.943544,60.07122,1,125.603,-0.380465,63.34780,1,93.7262,1.703013,62.07107,1,111.633,3.929751,60.80931,1,POW
139,1.166656,7904.85,-0.233434,60.18564,1,7942.38,1.853345,60.11559,1,7904.74,3.950075,60.12493,1,68.61,-0.517205,57.38422,1,73.9686,1.625507,58.51734,1,97.9141,3.904639,59.51962,1,POW
140,1.174976,7897.7,-0.232702,60.01401,1,7904.62,1.857496,60.07940,1,7916,3.953676,60.06889,1,123.509,-0.356496,63.07430,1,92.1737,1.740471,62.19921,1,111.007,3.948183,60.83298,1,POW
141,1.183360,7906.99,-0.223365,60.17721,1,7943.93,1.863538,60.11469,1,7905.14,3.960190,60.12363,1,68.1352,-0.473766,57.77407,1,72.671,1.663404,58.53716,1,97.9995,3.925330,59.56621,1,POW
142,1.191680,7901.98,-0.222511,60.01635,1,7908.59,1.867748,60.08052,1,7915.79,3.963852,60.07005,1,122.212,-0.331352,62.72432,1,92.0824,1.773532,62.10672,1,110.55,3.964706,60.75326,1,POW
143,1.200000,7909.41,-0.213234,60.17747,1,7944.42,1.873790,60.11559,1,7905.74,3.970382,60.12493,1,68.008,-0.439484,57.93149,1,72.1308,1.691783,58.43616,1,97.9061,3.941042,59.54732,1,POW
144,1.208320,7903.36,-0.212257,60.01868,1,7910.71,1.877940,60.07940,1,7915.66,3.974167,60.07239,1,121.136,-0.308304,62.50943,1,90.9151,1.804108,62.14875,1,109.83,3.979659,60.73873,1,POW
145,1.216640,7912.07,-0.203285,60.17163,1,7945.51,1.883922,60.11442,1,7905.96,3.980392,60.11909,1,68.8476,-0.406344,58.12452,1,71.9399,1.720146,58.39384,1,97.9515,3.956545,59.55783,1,POW
146,1.225024,7907.87,-0.202003,60.02433,1,7912.8,1.888133,60.07994,1,7915.49,3.984176,60.07183,1,119.964,-0.289263,62.22236,1,91.2758,1.828339,62.05364,1,109.649,3.994794,60.72602,1,POW
147,1.233344,7913.41,-0.193170,60.16897,1,7946.71,1.894092,60.11400,1,7905.29,3.990582,60.12255,1,68.8985,-0.375966,58.34139,1,71.5567,1.746999,58.44400,1,98.0744,3.971359,59.55170,1,POW
148,1.241664,7910.01,-0.191767,60.02685,1,7915.01,1.898304,60.08056,1,7915.46,3.994245,60.07005,1,118.815,-0.268755,62.05091,1,90.8149,1.850843,61.98650,1,109.322,4.008160,60.70400,1,POW
149,1.249984,7915.35,-0.182978,60.16813,1,7946.09,1.904224,60.11325,1,7906.59,4.000592,60.12143,1,69.6881,-0.344902,58.54334,1,71.4097,1.774265,58.53508,1,97.8354,3.987045,59.59606,1,POW
150,1.258304,7910.42,-0.181391,60.03036,1,7916.25,1.908435,60.08056,1,7916.05,4.004559,60.07589,1,117.369,-0.249486,61.82528,1,90.1498,1.873668,61.90155,1,108.7,4.025172,60.72936,1,POW
151,1.266688,7916.37,-0.173029,60.15872,1,7947.6,1.914600,60.11701,1,7905.46,4.010846,60.11932,1,69.8442,-0.313430,58.78624,1,70.2139,1.803073,58.66001,1,97.6878,4.004193,59.60180,1,POW
152,1.275008,7913.09,-0.171320,60.03269,1,7918.27,1.918750,60.07940,1,7915.21,4.014752,60.07472,0,116.944,-0.228614,61.62250,1,89.8294,1.914661,62.13464,1,107.955,4.041529,60.71422,1,POW
153,1.283328,7916.88,-0.163083,60.15758,1,7947.67,1.924668,60.11321,1,7905.53,4.020917,60.11793,0,70.1249,-0.286333,58.89585,1,70.2121,1.830597,58.39189,1,97.4607,4.020550,59.59868,1,POW
154,1.291648,7914.9,-0.161190,60.03619,1,7919.88,1.928941,60.08173,1,7915.36,4.024806,60.07440,0,116.203,-0.209083,61.47777,1,89.2337,1.935593,62.00854,1,107.617,4.056419,60.68616,1,POW
155,1.299968,7918.31,-0.152951,60.15762,1,7946.79,1.934800,60.11209,1,7906.35,4.031031,60.11909,0,70.605,-0.258336,59.05782,1,70.1186,1.853590,58.43130,1,97.4755,4.035609,59.60190,1,POW
156,1.308352,7915.54,-0.151059,60.03591,1,7921.11,1.939072,60.08109,1,7914.58,4.035182,60.07878,0,114.963,-0.190241,61.29254,1,89.1706,1.945054,61.73612,1,107.253,4.069664,60.64641,1,POW
157,1.316672,7919.52,-0.143002,60.15412,1,7947.9,1.945176,60.11676,1,7905.05,4.041224,60.11559,0,70.8477,-0.235448,59.13520,1,69.4201,1.876048,58.67995,1,97.1871,4.048975,59.60424,1,POW
158,1.324992,7916.76,-0.140744,60.04320,1,7919.25,1.949204,60.07706,1,7913.99,4.045130,60.07472,0,114.112,-0.171503,61.22324,1,88.4534,1.940537,61.23365,1,107.052,4.080772,60.60826,1,POW
159,1.333312,7917.57,-0.133132,60.14561,1,7946.42,1.954985,60.11059,1,7903.92,4.051051,60.11326,0,71.3119,-0.207435,59.31263,1,68.7279,1.904407,59.30884,1,97.1986,4.064049,59.68009,1,POW
160,1.341696,7918.23,-0.130996,60.04055,1,7920.87,1.959135,60.07878,1,7912.65,4.055077,60.07642,0,112.867,-0.154355,61.00755,1,87.7769,1.944382,60.75879,1,106.535,4.093999,60.56850,1,POW
161,1.350016,7920.53,-0.123183,60.14945,1,7948.77,1.965361,60.11909,1,7904.83,4.061241,60.11793,0,71.7126,-0.184137,59.43026,1,67.6816,1.922715,59.58551,1,97.2059,4.073936,59.61620,1,POW
162,1.358336,7920.54,-0.120620,60.04903,1,7922.8,1.969450,60.07822,1,7914.87,4.065575,60.08290,0,112.136,-0.136611,60.90916,1,87.6144,1.934373,60.22301,1,106.429,4.105596,60.60564,1,POW
163,1.366656,7924.31,-0.112808,60.14945,1,7952.24,1.975981,60.12493,1,7907.43,4.071739,60.11792,0,72.4887,-0.164242,59.47143,1,67.9898,1.948044,60.26153,1,97.125,4.087469,59.65323,1,POW
164,1.374976,7923.69,-0.110122,60.05137,1,7923.93,1.979948,60.07589,1,7916.55,4.075950,60.08056,0,111.244,-0.122940,60.79011,1,87.3322,1.936021,59.76999,1,105.976,4.117861,60.58141,1,POW
165,1.383360,7925.21,-0.102739,60.14014,1,7954.42,1.986293,60.12045,1,7907.36,4.082115,60.11701,0,72.9849,-0.141537,59.64698,1,66.8688,1.970732,60.65887,1,96.8711,4.100835,59.67681,1,POW
166,1.391680,7926.1,-0.100054,60.05137,1,7928.52,1.990322,60.07706,1,7916.31,4.086187,60.07789,0,110.819,-0.104204,60.71418,1,87.3101,1.993435,60.43430,1,105.276,4.134035,60.63512,1,POW
167,1.400000,7926.6,-0.092546,60.14361,1,7953.97,1.996486,60.11793,1,7908.5,4.092107,60.11325,0,73.2789,-0.119338,59.71048,1,67.4577,1.980619,59.75485,1,97.454,4.114018,59.61708,1,POW
168,1.408320,7926.13,-0.089922,60.05020,1,7927.91,2.000331,60.07355,1,7916.24,4.096319,60.08056,0,109.614,-0.088030,60.59892,1,87.0688,1.972319,59.84121,1,106.295,4.142336,60.54171,1,POW
169,1.416640,7927.48,-0.082598,60.14011,1,7954.05,2.006679,60.12143,1,7908.28,4.102117,60.11092,0,73.7817,-0.097246,59.82370,1,67.1679,1.997280,60.47750,1,98.2203,4.124636,59.66141,1,POW
170,1.425024,7927.54,-0.079851,60.05213,1,7926.73,2.010524,60.07299,1,7915.25,4.106389,60.08110,0,109.306,-0.072045,60.47836,1,87.4554,1.965605,59.39877,1,106.528,4.152035,60.52007,1,POW
171,1.433344,7926.99,-0.072594,60.13883,1,7955.16,2.016672,60.11760,1,7907.63,4.112248,60.11209,0,74.041,-0.077959,59.88685,1,67.0445,2.021859,61.07613,1,98.5345,4.136477,59.70238,1,POW
172,1.441664,7928.17,-0.069664,60.05604,1,7929.38,2.020639,60.07589,1,7915.23,4.116519,60.08169,0,108.601,-0.057702,60.38752,1,86.9151,2.009731,59.76798,1,106.145,4.166622,60.57667,1,POW
173,1.449984,7927.64,-0.062523,60.13661,1,7954.73,2.026864,60.11909,1,7907.81,4.122317,60.11092,0,74.1928,-0.065514,59.85055,1,66.75,2.035653,60.49589,1,98.3865,4.149288,59.66841,1,POW
174,1.458304,7927.54,-0.059533,60.05721,1,7929.35,2.030648,60.07238,1,7915.48,4.126712,60.08407,0,107.786,-0.045985,60.37358,1,86.8561,2.011562,59.53914,1,106.056,4.177972,60.54872,1,POW
175,1.466688,7927.74,-0.052575,60.13207,1,7954.89,2.037301,60.12628,1,7906.45,4.132571,60.11121,0,74.4536,-0.053002,59.86681,1,67.4927,2.041268,60.56387,1,98.4193,4.161739,59.69187,1,POW
176,1.475008,7929.26,-0.049462,60.05955,1,7925.36,2.040719,60.06538,1,7914.66,4.136782,60.08056,0,107.621,-0.032679,60.38876,1,88.3465,1.958464,58.41598,1,106.011,4.187128,60.48567,1,POW
177,1.483328,7927.32,-0.042445,60.13423,1,7954.31,2.047309,60.12606,1,7907.23,4.142702,60.11325,0,74.7123,-0.036036,59.93578,1,67.9682,2.035897,61.48127,1,98.5074,4.172604,59.72216,1,POW
178,1.491648,7929.61,-0.039454,60.05721,1,7920.42,2.050727,60.06538,1,7913.38,4.146969,60.08162,0,106.844,-0.019313,60.31991,1,89.6911,1.883372,57.08224,1,105.675,4.198419,60.49384,1,POW
179,1.500032,7927.95,-0.032374,60.13439,1,7953.04,2.057624,60.13091,1,7906.54,4.152767,60.11006,0,75.0617,-0.017848,60.02780,1,68.0408,2.047248,63.11058,1,98.5784,4.185541,59.75556,1,POW
180,1.508352,7928.84,-0.029384,60.05721,1,7919.72,2.060736,60.05954,1,7912.71,4.157284,60.08640,0,106.076,-0.006391,60.21917,1,90.8774,1.872325,56.65379,1,105.576,4.209571,60.45969,1,POW
181,1.516672,7928.78,-0.022365,60.13427,1,7953.45,2.067755,60.13427,1,7906.43,4.162899,60.10741,0,75.49,-0.005109,60.02452,1,67.9421,2.052802,63.45246,1,98.4704,4.198297,59.78433,1,POW
182,1.524992,7930.19,-0.019191,60.06071,1,7918.73,2.070868,60.05955,1,7912.89,4.167232,60.08290,0,105.25,0.006757,60.22701,1,91.0363,1.877086,56.63861,1,105.59,4.221290,60.43984,1,POW
183,1.533312,7928.64,-0.012311,60.13160,1,7953.73,2.077747,60.13160,1,7907.28,4.172909,60.10858,0,76.1403,0.011945,60.09924,1,67.9723,2.059699,63.49333,1,99.2346,4.212134,59.82486,1,POW
184,1.541696,7931.57,-0.009138,60.06024,1,7920.72,2.081104,60.06372,1,7912.4,4.177423,60.08569,0,104.66,0.020534,60.16302,1,91.4266,1.888011,56.74113,1,106.096,4.233313,60.40200,1,POW
185,1.550016,7929.29,-0.002302,60.13077,1,7953.88,2.088123,60.13427,1,7906.56,4.183099,60.10859,0,76.4855,0.027126,60.12610,1,67.4667,2.065863,63.40225,1,99.2231,4.222632,59.79568,1,POW
186,1.558336,7930.88,0.000898,60.06121,1,7920.52,2.091053,60.05604,1,7912.21,4.187616,60.08640,0,104.16,0.034205,60.13543,1,91.4131,1.899829,56.82383,1,105.704,4.243626,60.40160,1,POW
187,1.566656,7929.65,0.007612,60.12843,1,7954.41,2.098194,60.13660,1,7906.05,4.193170,60.10624,0,77.0706,0.041652,60.14244,1,67.4131,2.081287,63.47123,1,99.1888,4.234229,59.82023,1,POW
188,1.574976,7932,0.010969,60.06422,1,7920.74,2.101124,60.05604,1,7912.47,4.197564,60.08407,0,103.944,0.048607,60.13306,1,90.7973,1.923753,56.98641,1,105.529,4.256382,60.42378,1,POW
189,1.583360,7929.81,0.017543,60.12479,1,7955.64,2.108262,60.13551,1,7905.78,4.203302,60.10890,0,77.7828,0.057091,60.16104,1,66.9782,2.091541,63.18485,1,99.0719,4.246739,59.81696,1,POW
190,1.591680,7933.05,0.021022,60.06655,1,7922.19,2.111314,60.05838,1,7911.92,4.207740,60.08490,0,103.337,0.061181,60.07823,1,91.117,1.929185,56.89418,1,105.21,4.267063,60.38880,1,POW
191,1.600000,7930.35,0.027797,60.12960,1,7955.37,2.118394,60.13544,1,7906.67,4.213416,60.10859,0,77.6798,0.074608,60.25686,1,66.2491,2.104053,63.34517,1,98.9959,4.258518,59.83654,1,POW
192,1.608320,7932.3,0.031154,60.06421,1,7923.37,2.121385,60.05721,1,7912.08,4.218055,60.08874,0,102.701,0.080950,60.12132,1,89.8675,1.960295,57.24995,1,104.667,4.284380,60.49473,1,POW
193,1.616640,7931.2,0.037806,60.12727,1,7955.52,2.128648,60.13894,1,7907.04,4.223548,60.10508,0,77.6763,0.094988,60.26854,1,65.8066,2.118699,63.03023,1,98.4621,4.276629,59.85172,1,POW
194,1.625024,7934.2,0.041224,60.06488,1,7923.97,2.131578,60.05561,1,7912.63,4.228247,60.08921,0,101.855,0.096208,60.02317,1,90.5476,1.952055,56.83686,1,104.181,4.299211,60.42865,1,POW
195,1.633344,7932.17,0.047875,60.12722,1,7959.07,2.138713,60.13650,1,7906.91,4.233863,60.10742,0,77.3768,0.112258,60.30703,1,64.9239,2.157633,63.93264,1,98.2884,4.291460,59.85172,1,POW
196,1.641664,7934.36,0.051537,60.07005,1,7931.36,2.141948,60.06188,1,7912.71,4.238379,60.08640,0,101.119,0.113967,60.03269,1,87.8367,2.069281,58.30985,1,103.736,4.313674,60.42496,1,POW
197,1.649984,7932.14,0.057946,60.12260,1,7960.97,2.148723,60.12960,1,7907.29,4.243992,60.10738,0,77.4609,0.133498,60.37362,1,63.3653,2.203634,62.57013,1,97.3651,4.310623,59.94162,1,POW
198,1.658304,7933.07,0.061486,60.06772,1,7935.94,2.152324,60.06889,1,7911.14,4.248570,60.08757,0,100.907,0.133132,59.99299,1,85.6371,2.169167,59.34066,1,102.509,4.336545,60.49588,1,POW
199,1.666688,7930.43,0.067711,60.11816,1,7960.02,2.158976,60.12627,1,7904.43,4.254002,60.10311,0,77.8235,0.150265,60.32522,1,62.9542,2.234881,61.24735,1,97.4351,4.326369,59.80686,1,POW
200,1.675008,7932.64,0.071495,60.07239,1,7937.59,2.162516,60.06772,1,7910.32,4.258640,60.08873,0,100.732,0.147702,59.95096,1,85.1589,2.203390,59.39758,1,102.601,4.349728,60.44684,1,POW
201,1.683328,7930.04,0.077715,60.11898,1,7960.79,2.168984,60.12372,1,7904.59,4.264194,60.10625,0,78.6594,0.164853,60.32808,1,63.0682,2.263062,61.14151,1,97.4938,4.338986,59.79451,1,POW
202,1.691648,7933.01,0.081499,60.07239,1,7940.03,2.172585,60.06889,1,7910.43,4.268772,60.08757,0,100.827,0.161801,59.94162,1,84.5841,2.229757,59.36287,1,102.607,4.361142,60.42383,1,POW
203,1.700032,7932.42,0.087786,60.11933,1,7962.24,2.179360,60.12860,1,7904.55,4.274431,60.10742,0,78.9389,0.176874,60.28612,1,63.1877,2.273377,60.82798,1,97.8059,4.350033,59.78915,1,POW
204,1.708352,7935.18,0.091814,60.07706,1,7939.03,2.182717,60.06422,1,7910.74,4.279131,60.08990,0,100.635,0.171625,59.89959,1,84.9256,2.203329,58.66000,1,102.74,4.371820,60.41678,1,POW
205,1.716672,7932.65,0.097978,60.11792,1,7961.8,2.189308,60.12609,1,7903.95,4.284563,60.10391,0,78.9741,0.190302,60.35727,1,63.4087,2.295774,61.76846,1,97.6813,4.361203,59.79688,1,POW
206,1.724992,7934.59,0.101763,60.07239,1,7939.33,2.192726,60.06538,1,7909.19,4.289018,60.08523,0,101.13,0.186701,59.93111,1,84.3267,2.236407,58.86432,1,102.433,4.384027,60.43663,1,POW
207,1.733312,7931.73,0.107925,60.11788,1,7960.52,2.199257,60.12493,1,7903.45,4.294573,60.10625,0,79.263,0.204506,60.34061,1,64.0063,2.302061,61.25594,1,97.4897,4.373590,59.80035,1,POW
208,1.741696,7934.12,0.111709,60.07183,1,7938.07,2.202596,60.06339,1,7907.81,4.299211,60.08805,0,100.386,0.200189,59.91807,1,84.9074,2.196815,58.00229,1,102.539,4.393649,60.38073,1,POW
209,1.750016,7931.53,0.117813,60.11676,1,7960.75,2.209493,60.13194,1,7902.35,4.304702,60.10504,0,79.4634,0.216896,60.31959,1,63.9715,2.304930,62.06819,1,97.568,4.384088,59.81711,1,POW
210,1.758336,7933.97,0.121780,60.07589,1,7935.68,2.212545,60.05838,1,7907.9,4.309280,60.08757,0,99.9501,0.211769,59.90193,1,85.236,2.175026,57.51499,1,102.585,4.403414,60.36969,1,POW
211,1.766656,7931.78,0.127822,60.11559,1,7960.42,2.219564,60.13427,1,7902.58,4.314773,60.10508,0,79.6272,0.229835,60.34560,1,63.9624,2.313413,62.64730,1,97.5589,4.395052,59.84005,1,POW
212,1.774976,7934.13,0.131850,60.07706,1,7935.39,2.222616,60.05838,1,7907.97,4.319411,60.08873,0,99.5595,0.225135,59.91010,1,84.8608,2.179482,57.43793,1,102.108,4.415011,60.38179,1,POW
213,1.783360,7932.06,0.137832,60.11354,1,7961.46,2.229818,60.13671,1,7901.72,4.325027,60.10658,0,78.9231,0.248143,60.43672,1,62.8475,2.329814,62.85352,1,96.5931,4.411776,59.93860,1,POW
214,1.791680,7934.61,0.141965,60.07906,1,7936.16,2.232806,60.05717,1,7907.2,4.329543,60.08640,0,98.3466,0.243077,59.90310,1,84.3376,2.190468,57.33435,1,101.149,4.433807,60.42145,1,POW
215,1.800000,7930.52,0.147824,60.11209,1,7959.67,2.239825,60.13427,1,7900.37,4.334958,60.10358,0,79.1235,0.264605,60.41182,1,62.6038,2.342937,62.91668,1,96.5046,4.426239,59.85523,1,POW
216,1.808320,7933.17,0.151913,60.07823,1,7935.08,2.242816,60.05721,1,7905.5,4.339535,60.08757,0,98.0147,0.258153,59.87657,1,84.1821,2.210409,57.46479,1,101.19,4.446136,60.38063,1,POW
217,1.816640,7930.61,0.157773,60.11208,1,7960.23,2.249713,60.13193,1,7900.34,4.345029,60.10508,0,79.2052,0.278521,60.38964,1,62.5543,2.364875,62.95488,1,96.6407,4.437713,59.83887,1,POW
218,1.825024,7933.73,0.161801,60.07646,1,7938.79,2.252947,60.06140,1,7904.95,4.349667,60.08804,0,97.8758,0.271868,59.87372,1,84.1316,2.257708,57.96583,1,101.074,4.458997,60.40400,1,POW
219,1.833344,7930.9,0.167721,60.11325,1,7962.14,2.259722,60.12960,1,7899.58,4.355038,60.10275,0,79.7199,0.291338,60.37245,1,62.5433,2.396961,62.66387,1,97.3973,4.450086,59.82953,1,POW
220,1.841664,7932.74,0.171869,60.07935,1,7942.66,2.263184,60.06623,1,7903.34,4.359738,60.08990,0,99.2669,0.270648,59.60420,1,83.7945,2.331279,58.74352,1,101.494,4.445831,59.91860,1,POW
221,1.849984,7929.77,0.177790,60.11325,1,7961.84,2.269654,60.12376,0,7898.35,4.365168,60.10387,0,79.5602,0.287920,60.33042,1,62.6497,2.408375,61.47481,1,97.1269,4.449475,60.06972,1,POW
222,1.858304,7932.77,0.181940,60.07940,1,7946.35,2.273316,60.07005,0,7904.25,4.369867,60.08990,0,97.8503,0.294695,60.12960,1,83.2349,2.399403,59.82837,1,101.012,4.479016,60.56510,1,POW
223,1.866688,7930.23,0.187738,60.11006,1,7963.28,2.279847,60.12396,0,7898.91,4.375299,60.10311,0,80.3272,0.310013,60.29075,1,63.2706,2.430040,60.58153,1,97.7868,4.465527,59.74397,1,POW
224,1.875008,7933.6,0.192011,60.08173,1,7946.54,2.283387,60.06772,0,7904.79,4.380121,60.09223,0,97.6082,0.310257,60.00467,1,83.0157,2.377631,58.99743,1,101.318,4.491038,60.48801,1,POW
225,1.883328,7930.44,0.197809,60.11092,1,7964.27,2.289856,60.12376,0,7898.97,4.385553,60.10391,0,80.872,0.326165,60.30431,1,63.709,2.470244,61.77167,1,97.2445,4.478284,59.75602,1,POW
226,1.891648,7933.84,0.202064,60.08140,1,7948.71,2.293516,60.07001,0,7904.33,4.390192,60.08874,0,98.0184,0.322380,59.92761,1,82.8591,2.425218,59.13866,1,100.667,4.504465,60.50084,1,POW
227,1.900032,7930.29,0.207680,60.10658,1,7965.84,2.299803,60.11933,0,7898.79,4.395663,60.10385,0,81.076,0.338432,60.30469,1,63.9598,2.494229,61.30992,1,97.5605,4.490000,59.72543,1,POW
228,1.908352,7933.81,0.212013,60.08290,1,7952.21,2.303709,60.07472,0,7903.9,4.400423,60.09107,0,98.0451,0.337334,59.97898,1,82.9376,2.462859,59.39991,1,100.753,4.517449,60.52508,1,POW
229,1.916672,7931.14,0.217750,60.10975,1,7965.16,2.310056,60.12142,0,7898.72,4.405672,60.10041,0,81.4259,0.349538,60.23347,1,64.6618,2.499356,60.69816,1,98.0362,4.499582,59.65823,1,POW
230,1.924992,7934.31,0.222145,60.08407,1,7950.45,2.313719,60.07005,0,7904.46,4.410433,60.09107,0,97.7246,0.348442,59.97903,1,82.3637,2.441148,58.88651,1,101.199,4.524590,60.47838,1,POW
231,1.933312,7931.29,0.227821,60.10858,1,7965.41,2.320066,60.12143,0,7899.02,4.415743,60.10158,0,81.7394,0.362356,60.26617,1,65.023,2.516733,61.44592,1,97.9506,4.510203,59.72478,1,POW
232,1.941696,7934.15,0.232154,60.08226,1,7951.83,2.323789,60.07067,0,7903.67,4.420624,60.09264,0,97.5457,0.361013,59.97451,1,82.5873,2.450242,58.73791,1,101.331,4.535087,60.47235,1,POW
233,1.950016,7931.1,0.237828,60.10854,1,7968.06,2.330058,60.11993,0,7898.53,4.425934,60.10158,0,82.0084,0.374990,60.26737,1,64.8694,2.552558,61.95727,1,98.3548,4.521294,59.73613,1,POW
234,1.958336,7934.73,0.242223,60.08407,1,7956.51,2.334087,60.07706,0,7903.79,4.430816,60.09341,0,97.5799,0.374257,59.98599,1,82.3885,2.526072,59.49332,1,100.817,4.549978,60.54872,1,POW
235,1.966656,7930.59,0.247838,60.10742,1,7965.68,2.340190,60.11675,0,7897.87,4.435943,60.09807,0,81.837,0.385348,60.21217,1,65.6046,2.547737,60.41444,1,98.4831,4.534172,59.69764,1,POW
236,1.974976,7934.15,0.252293,60.08523,1,7952.48,2.343852,60.07005,0,7903.23,4.440582,60.08874,0,96.9364,0.385348,60.00000,1,82.2007,2.490994,58.91454,1,101.38,4.558095,60.45764,1,POW
237,1.983360,7930.61,0.257787,60.10427,1,7968.03,2.350139,60.11933,0,7897.52,4.446075,60.10427,0,82.0697,0.395236,60.18768,1,65.9781,2.576539,61.62376,1,98.4051,4.543996,59.73239,1,POW
238,1.991680,7358.53,0.238195,59.62521,1,7837.14,2.267640,58.42182,0,7953.04,4.444671,59.97315,0,91.3262,0.384433,59.79334,1,79.4277,2.447984,57.54078,1,102.632,4.549429,60.10391,1,POW
