scenario,record,engine,engine_key,backend,pow_pre_reports,pow_post_reports,feeders,channels,workers,fs,duration_s,speed,chunks,deadline_misses,comp_ms_p50,comp_ms_p99,comp_ms_max,e2e_ms_p50,e2e_ms_p99,e2e_ms_max,report_period_ms,group_delay_ms,load_pct,cpu_s,wall_s,stage_a_share,kbps_total,kbps_pmu_only,kbps_continuous,reduction_x,n_events_feeder0,samples,p_in_mw_mean,p_in_mw_max,p_cpu_gpu_cv_mw_mean,gpu_util_pct_mean,cpu_util_pct_mean,acc_micro_f1,acc_macro_f1,acc_precision,acc_recall,acc_event_recall,acc_n_event_windows,acc_n_caught,acc_false_alarm_runs,acc_false_alarm_runs_quiet,acc_duty_cycle,acc_duty_cycle_quiet,acc_latency_ms,acc_bandwidth_reduction,acc_n_channels,acc_n_channels_with_events
multi,7,GridStream,gs,gpu,6,12,16,96,1,7692.0,0.2329693187727509,1.0,27,27,10764.372321415067,10839.455529566585,10839.624885253215,10787.233028228002,10861.92755746306,10863.674505268136,8.333333333333334,16.640665626625065,123421.78886762768,9.348806912,11.092523218001588,0.9991702037152251,1305.4422857142856,1305.4422857142856,23629.824000000004,18.1010101010101,0,119,4815.924369747899,5135,1219.3193277310925,0.8487394957983193,13.554621848739496,0.0,0.0,0.0,0.0,0.0,3,0,0,0,0.0,0.0,,1000000.0,6,2
multi,7,Fixed margin,fixed,gpu,6,12,16,96,1,7692.0,0.2329693187727509,1.0,27,25,86.48332941265835,163.10932894517464,163.44870825196267,109.40304522773658,185.25438834134548,186.84439126627694,8.333333333333334,16.640665626625065,1029.870369834599,0.39366246400000016,0.41575982499853126,0.9608311096856045,18231.138857142858,1305.4422857142856,23629.824000000004,1.296124404797782,1,18,4530.666666666667,5015,1051.388888888889,5.222222222222222,5.046296296296297,0.6923076923076924,0.675,0.6428571428571429,0.75,0.6666666666666666,3,2,0,0,0.12280701754385964,0.0,0.0,666667.5714285715,6,2
multi,7,ATE-Q,Q,gpu,6,12,16,96,1,7692.0,0.2329693187727509,1.0,27,25,88.27090041268093,165.2780171455015,165.47734225241584,111.27993022637384,187.69241154142946,189.41169526624435,8.333333333333334,16.640665626625065,1046.2235733890946,0.39520966399999935,0.4183459129999392,0.9586636183225173,18231.138857142858,1305.4422857142856,23629.824000000004,1.296124404797782,1,18,4474.277777777777,4824,1007.3888888888889,4.666666666666667,4.12962962962963,0.75,0.7333333333333334,0.75,0.75,0.6666666666666666,3,2,0,0,0.10526315789473684,0.0,0.0,666667.7222222221,6,2
multi,7,ATE-S,S,gpu,6,12,16,96,1,7692.0,0.2329693187727509,1.0,27,25,85.72516441381595,164.63699172560155,164.92570925220207,108.81250122838537,186.87947762213298,188.51624526723754,8.333333333333334,16.640665626625065,1028.3347249585656,0.3967263679999995,0.41771760799929325,0.9485062057858737,18231.138857142858,1305.4422857142856,23629.824000000004,1.296124404797782,1,18,4476.555555555556,4824,1009.5555555555555,4.055555555555555,4.611111111111111,0.75,0.7333333333333334,0.75,0.75,0.6666666666666666,3,2,0,0,0.10526315789473684,0.0,0.0,666667.7222222221,6,2
multi,7,ATE-M,M,gpu,6,12,16,96,1,7692.0,0.2329693187727509,1.0,27,25,85.7088124139409,162.64796018669585,162.9493992531934,108.79870922872215,184.8659815834253,186.49100626862491,8.333333333333334,16.640665626625065,1023.2703160703143,0.3940791360000002,0.41500293999888527,0.957124005665685,18231.138857142858,1305.4422857142856,23629.824000000004,1.296124404797782,1,18,4487.666666666667,4824,1005.2777777777778,3.888888888888889,4.703703703703704,0.7826086956521738,0.7749999999999999,0.8181818181818182,0.75,0.6666666666666666,3,2,0,0,0.09649122807017545,0.0,0.0,666667.8277777777,6,2
multi,7,ATE-N,N,gpu,6,12,16,96,1,7692.0,0.2329693187727509,1.0,27,25,85.93403441409464,165.07970824597578,165.34949725246406,109.05535622805473,187.35859514272306,189.01283526793122,8.333333333333334,16.640665626625065,1031.08768450895,0.39648649599999963,0.4181487880014174,0.9526884755200881,18177.020142857145,1305.4422857142856,23629.824000000004,1.2999833753986125,1,18,4513.388888888889,4864,1016.0,4.333333333333333,4.537037037037037,0.6666666666666666,0.6826923076923076,0.7777777777777778,0.5833333333333334,0.6666666666666666,3,2,0,0,0.07894736842105263,0.0,0.0,666668.0916666667,6,2
multi,7,ATE-X,X,gpu,6,12,16,96,1,7692.0,0.2329693187727509,1.0,27,25,122.1026274124597,251.73482903355762,252.4750412267167,149.6672402281547,274.58948034225614,277.1760292671388,8.333333333333334,16.640665626625065,1472.9542293975503,0.4926365120000007,0.5147348720001901,0.7589407641673013,18231.138857142858,1305.4422857142856,23629.824000000004,1.296124404797782,1,19,4502.8421052631575,4824,1029.8947368421052,4.157894736842105,5.140350877192983,0.8181818181818182,0.8285714285714285,0.9,0.75,0.6666666666666666,3,2,0,0,0.08771929824561403,0.0,0.0,666667.9861111111,6,2
multi,45,GridStream,gs,gpu,6,12,16,96,1,15385.0,1.9968150796230095,1.0,239,238,875.8723589999136,1701.0888595519646,1713.7285413773498,887.6965490026123,1709.4775132374161,1727.1832050100784,8.333333333333334,8.31979200519987,10464.212228047889,3.669999616,3.733235934001641,0.9672633303247787,1348.1949467790762,1348.1949467790762,47262.719999999994,35.05629516926588,0,49,5246.408163265306,5413,1535.8163265306123,19.244897959183675,16.078231292517007,0.0,0.0,0.0,0.0,0.0,6,0,0,0,0.0,,,1000000.0,6,6
multi,45,Fixed margin,fixed,gpu,6,12,16,96,1,15385.0,1.9968150796230095,1.0,239,238,793.7731439997151,1576.2743991916795,1587.4869113758905,805.4715060025046,1584.6602815971528,1600.941575008619,8.333333333333334,8.31979200519987,9566.838569481783,3.565971328,3.606348748999153,0.9629144174640235,5933.224423684124,1348.1949467790762,47262.719999999994,7.965773182510615,1,48,5019.145833333333,5533,1403.3541666666667,12.625,13.388888888888891,0.9666666666666666,0.9633699633699635,0.9354838709677419,1.0,1.0,6,6,0,0,0.02207977207977208,,0.0,46.52142857142857,6,6
multi,45,ATE-Q,Q,gpu,6,12,16,96,1,15385.0,1.9968150796230095,1.0,239,238,810.183520999999,1615.499039091992,1626.5824643778615,821.8491620027635,1623.8845384474553,1640.03712801059,8.333333333333334,8.31979200519987,9775.607804247447,3.6016223039999993,3.6453136110012565,0.9599338624416178,5933.224423684124,1348.1949467790762,47262.719999999994,7.965773182510615,1,48,4791.708333333333,5811,1435.5,11.458333333333334,14.579861111111112,0.8727272727272727,0.7967032967032966,0.9230769230769231,0.8275862068965517,0.8333333333333334,6,5,0,0,0.01851851851851852,,0.0,166705.3880952381,6,6
multi,45,ATE-S,S,gpu,6,12,16,96,1,15385.0,1.9968150796230095,1.0,239,238,834.1304610003135,1666.14216973172,1677.20886837742,845.9583625026426,1674.5284323071974,1690.6635320101486,8.333333333333334,8.31979200519987,10066.486492175276,3.6473076799999973,3.695998031998897,0.9486118531926191,5933.224423684124,1348.1949467790762,47262.719999999994,7.965773182510615,1,49,4638.530612244898,5015,1341.530612244898,11.081632653061224,12.534013605442178,0.9666666666666666,0.9633699633699635,0.9354838709677419,1.0,1.0,6,6,0,0,0.02207977207977208,,0.0,46.52142857142857,6,6
multi,45,ATE-M,M,gpu,6,12,16,96,1,15385.0,1.9968150796230095,1.0,239,238,863.6304499996186,1661.9311682721673,1672.7412873769936,875.2351935017941,1670.316878517624,1686.1959510097222,8.333333333333334,8.31979200519987,10225.659630336251,3.6440645120000035,3.691716441000608,0.9571237916474304,5933.224423684124,1348.1949467790762,47262.719999999994,7.965773182510615,1,49,4960.469387755102,5851,1542.3877551020407,11.775510204081632,21.72108843537415,0.8727272727272727,0.7967032967032966,0.9230769230769231,0.8275862068965517,0.8333333333333334,6,5,0,0,0.01851851851851852,,0.0,166705.3880952381,6,6
multi,45,ATE-N,N,gpu,6,12,16,96,1,15385.0,1.9968150796230095,1.0,239,238,857.3630120008602,1650.9672596930614,1662.2256023783848,869.0055965034844,1659.3536483485332,1675.6802660111134,8.333333333333334,8.31979200519987,10109.643671270085,3.6499447679999975,3.681207859999631,0.9515726291704512,5933.224423684124,1348.1949467790762,47262.719999999994,7.965773182510615,1,49,5088.2040816326535,5772,1420.2244897959183,11.122448979591837,15.425170068027212,0.823529411764706,0.6538461538461539,0.9545454545454546,0.7241379310344828,0.6666666666666666,6,4,0,0,0.01566951566951567,,0.0,333362.3047619048,6,6
multi,45,ATE-X,X,gpu,6,12,16,96,1,15385.0,1.9968150796230095,1.0,239,238,1480.5681249999907,2826.663260673595,2849.2974063774454,1494.8068300027444,2835.0978721190586,2862.752070010174,8.333333333333334,8.31979200519987,17603.26210500861,4.815920095999999,4.8731306480003695,0.7369916452489167,5933.224423684124,1348.1949467790762,47262.719999999994,7.965773182510615,1,60,5585.083333333333,6637,1714.8166666666666,11.95,26.808333333333334,0.9666666666666666,0.9633699633699635,0.9354838709677419,1.0,1.0,6,6,0,0,0.02207977207977208,,0.0,46.52142857142857,6,6
multi,55,GridStream,gs,gpu,6,12,16,96,1,15385.0,1.9968150796230095,1.0,239,238,840.2430149999418,1679.4986978523593,1692.0991073766345,852.0268195024983,1687.8880721878159,1705.5537710093631,8.333333333333334,8.31979200519987,10196.783275647973,3.6520367359999995,3.7113214990004053,0.967687044002559,9526.690875948048,1348.1949467790762,47262.719999999994,4.961084663649974,2,49,4945.428571428572,5214,1369.857142857143,11.204081632653061,13.244897959183673,0.011922503725782414,0.018224349841100076,1.0,0.005997001499250375,0.23076923076923078,13,3,0,0,0.002849002849002849,,36.111111111111114,500097.5,6,6
multi,55,Fixed margin,fixed,gpu,6,12,16,96,1,15385.0,1.9968150796230095,1.0,239,238,801.3636910000059,1569.6028308925816,1582.3899053775676,813.0023075027566,1577.9903181480404,1595.8445690102963,8.333333333333334,8.31979200519987,9587.080106829486,3.570523423999994,3.602117336000447,0.9623229541404922,31757.67683604049,1348.1949467790762,47262.719999999994,1.4882297670578808,2,48,4955.479166666667,5334,1369.6875,11.104166666666666,13.190972222222223,0.8139109212934716,0.7766125101762699,0.6862139917695473,1.0,1.0,13,13,0,0,0.7071813109992245,,0.0,1.503955648880347,6,6
multi,55,ATE-Q,Q,gpu,6,12,16,96,1,15385.0,1.9968150796230095,1.0,239,238,804.0441819994157,1580.4074880123517,1591.272393377949,815.6759025023348,1588.7928235278196,1604.7270570106775,8.333333333333334,8.31979200519987,9647.059777069026,3.577219167999999,3.6098833119995106,0.9597274410630949,31596.556257934313,1348.1949467790762,47262.719999999994,1.4958187092978434,2,48,4935.708333333333,5175,1366.8125,12.166666666666666,12.802083333333334,0.8623613829093281,0.8401618501487977,0.7632794457274826,0.9910044977511244,1.0,13,13,0,0,0.631682735500649,,1.8518518518518514,1.9280897730967563,6,6
multi,55,ATE-S,S,gpu,6,12,16,96,1,15385.0,1.9968150796230095,1.0,239,238,832.5350239992986,1639.7995890520178,1651.3278583770443,844.202713001323,1648.1880324874874,1664.782522009773,8.333333333333334,8.31979200519987,9981.930311953365,3.638035551999998,3.6706484940004884,0.9489857176881715,31596.556257934313,1348.1949467790762,47262.719999999994,1.4958187092978434,2,48,4944.0625,5254,1364.875,11.395833333333334,12.881944444444445,0.8619572261827609,0.840541377366321,0.7591324200913242,0.9970014992503748,1.0,13,13,0,0,0.6388052426231562,,0.0,1.8352326302396136,6,6
multi,55,ATE-M,M,gpu,6,12,16,96,1,15385.0,1.9968150796230095,1.0,239,238,808.1874660001631,1581.134971572028,1592.0547193782113,819.7998895029741,1589.5188609674915,1605.50938301094,8.333333333333334,8.31979200519987,9665.717797976402,3.5819194559999943,3.610709799000688,0.9578891010907722,31596.556257934313,1348.1949467790762,47262.719999999994,1.4958187092978434,2,48,4921.854166666667,5214,1365.625,11.0625,12.569444444444445,0.8589993502274204,0.8332548420625443,0.7580275229357798,0.9910044977511244,1.0,13,13,0,0,0.6359562397741533,,1.8518518518518514,1.8689988640058475,6,6
multi,55,ATE-N,N,gpu,6,12,16,96,1,15385.0,1.9968150796230095,1.0,239,238,860.8400369994342,1691.0119714128086,1702.7867643773789,872.6555225021002,1699.4015371282694,1716.2414280101075,8.333333333333334,8.31979200519987,10318.033875026389,3.652182207999992,3.7216998050007533,0.9545847948810285,31596.556257934313,1348.1949467790762,47262.719999999994,1.4958187092978434,2,49,4922.938775510204,5214,1362.7142857142858,12.16326530612245,12.578231292517007,0.8441734417344173,0.751230915543688,0.7700865265760197,0.9340329835082459,0.8461538461538461,13,11,0,0,0.5910844449023585,,4.166666666666667,6.865339162441118,6,6
multi,55,ATE-X,X,gpu,6,12,16,96,1,15385.0,1.9968150796230095,1.0,239,238,1256.8560660001822,2323.229931931055,2339.600577375677,1269.9618915021347,2331.6346731065096,2353.0552410084056,8.333333333333334,8.31979200519987,14790.240221978887,4.2946703679999985,4.360337284000707,0.8082393523556006,31596.556257934313,1348.1949467790762,47262.719999999994,1.4958187092978434,2,55,4932.490909090909,5175,1358.2363636363636,11.8,13.166666666666668,0.8623613829093281,0.8409234252098048,0.7632794457274826,0.9910044977511244,1.0,13,13,0,0,0.631682735500649,,0.6944444444444445,1.922195940153743,6,6
multi,677,GridStream,gs,gpu,6,12,16,96,1,15360.0,16.0,1.0,1920,1919,6849.806649834136,13576.557415146708,13720.46613600105,6861.491334000675,13584.9636262266,13728.799469334263,8.333333333333334,8.333333333333334,82591.00174087947,29.340805184000004,29.773814823000066,0.9682500842347703,4135.512,1351.68,47185.92,11.409934247561123,4,296,5213.6621621621625,5811,1575.7668918918919,16.631756756756758,18.52759009009009,0.020512820512820516,0.125,0.044444444444444446,0.013333333333333334,0.09090909090909091,11,1,10,8,0.003918495297805643,0.01044932079414838,0.0,500096.02222222224,6,4
multi,677,Fixed margin,fixed,gpu,6,12,16,96,1,15360.0,16.0,1.0,1920,1919,6651.630950333129,13397.336239966153,13526.715488000264,6663.323699000102,13405.737714266033,13535.048821333476,8.333333333333334,8.333333333333334,80319.05592361967,28.861578143999992,29.581315282001015,0.9627210495155714,27182.8,1351.68,47185.92,1.7358741557161146,3,294,5392.091836734694,5772,1735.8537414965986,20.948979591836736,24.074263038548754,0.06558161799904261,0.07834050828142328,0.03401191658391261,0.9133333333333333,1.0,11,11,4,2,0.4017322470643419,0.018025078369905956,5.520833333333333,166678.43870648812,6,4
multi,677,ATE-Q,Q,gpu,6,12,16,96,1,15360.0,16.0,1.0,1920,1919,6664.110210332183,13317.569031615167,13447.027602998787,6675.884368998595,13325.969033565052,13455.360936332,8.333333333333334,8.333333333333334,79980.03518265924,29.03062928,29.50059117699857,0.9594862821174608,26328.968,1351.68,47185.92,1.7921674712051001,4,293,5357.914675767918,5772,1708.5972696245733,18.36518771331058,23.44823663253697,0.056874381800197826,0.042790494510918896,0.02953261427837699,0.7666666666666667,0.9090909090909091,11,10,2,1,0.3897560636813229,0.0018286311389759666,10.694444444444445,166819.21431231234,6,4
multi,677,ATE-S,S,gpu,6,12,16,96,1,15360.0,16.0,1.0,1920,1919,6987.462534334554,13789.1878732664,13925.053598000886,6999.295975001587,13797.589700866265,13933.386931334098,8.333333333333334,8.333333333333334,83825.11672157832,29.427519647999986,29.979186882999784,0.9487300520650179,26474.104,1351.68,47185.92,1.7823424732334663,3,298,5355.177852348993,5811,1701.8422818791946,18.869127516778523,23.56599552572707,0.06085889570552148,0.10495415284782583,0.03159235668789809,0.8266666666666667,1.0,11,11,4,1,0.3925261253236388,0.0033960292580982234,8.020833333333334,166706.3470204187,6,4
multi,677,ATE-M,M,gpu,6,12,16,96,1,15360.0,16.0,1.0,1920,1919,6859.900771332832,13599.296421104773,13726.684133000163,6873.0529679996835,13607.695903344647,13735.017466333375,8.333333333333334,8.333333333333334,82552.62513117908,29.17453980799999,29.779938449999463,0.9573183011144928,26562.112,1351.68,47185.92,1.776437054402903,3,296,5425.891891891892,5772,1761.081081081081,19.85135135135135,24.598536036036037,0.06538839724680433,0.04922477978355483,0.03394589076059214,0.8866666666666667,0.9090909090909091,11,10,2,1,0.3920578891516353,0.0033960292580982234,7.361111111111111,166798.17839775956,6,4
multi,677,ATE-N,N,gpu,6,12,16,96,1,15360.0,16.0,1.0,1920,1919,6852.936145332933,13480.301052585364,13612.379635998877,6865.1529079998,13488.705768905238,13620.71296933209,8.333333333333334,8.333333333333334,82176.91162927494,29.107282112000007,29.666885698999977,0.9538420498946967,26214.712,1351.68,47185.92,1.7999785769151306,3,295,5325.410169491525,5971,1682.0203389830508,18.230508474576272,21.93446327683616,0.056477582363140946,0.042428021859643714,0.029328531000771804,0.76,0.9090909090909091,11,10,1,1,0.3891347443399152,0.0010449320794148381,17.916666666666668,333413.72638321866,6,4
multi,677,ATE-X,X,gpu,6,12,16,96,1,15360.0,16.0,1.0,1920,1919,10226.477688333034,19346.103207225333,19528.38768699985,10240.191804999995,19354.529903985203,19536.72102033306,8.333333333333334,8.333333333333334,120939.91844155856,35.17796880000003,35.58388065700092,0.7791571711951475,26815.328,1351.68,47185.92,1.7596622349724755,3,351,5099.065527065527,5214,1498.4672364672365,14.017094017094017,16.867046533713204,0.06635764820687973,0.10088246622417732,0.03443909850595087,0.9066666666666666,1.0,11,11,5,2,0.39482795079395117,0.003918495297805642,5.520833333333333,166700.8415356134,6,4
multi,901,GridStream,gs,gpu,6,12,16,96,1,15360.0,12.0,1.0,1440,1439,4843.924634833456,9521.551095996983,9616.968542000905,4855.510436000259,9529.950371526866,9625.301875334117,8.333333333333334,8.333333333333334,57795.905557950085,21.453204159999984,21.65996327599896,0.9680490580679192,2230.730666666667,1351.68,47185.920000000006,21.15267463934089,1,220,5098.154545454546,5175,1492.6636363636364,14.622727272727273,16.235606060606063,0.0,0.0,0.0,0.0,0.0,3,0,0,0,0.0,0.0,,1000000.0,6,1
multi,901,Fixed margin,fixed,gpu,6,12,16,96,1,15360.0,12.0,1.0,1440,1439,4686.6713883327975,9282.187685766785,9372.205847999794,4698.131233999447,9290.583328866669,9380.539181333006,8.333333333333334,8.333333333333334,56251.38793126417,21.170375104000016,21.41635306199896,0.9628208122716939,5123.157333333334,1351.68,47185.920000000006,9.210320302480138,4,217,5106.414746543779,5175,1512.0875576036867,14.576036866359447,16.380952380952383,0.7118644067796609,0.7118644067796609,0.6363636363636364,0.8076923076923077,0.6666666666666666,3,2,1,0,0.0038354253835425384,0.0,4.166666666666667,833340.5757575758,6,1
multi,901,ATE-Q,Q,gpu,6,12,16,96,1,15360.0,12.0,1.0,1440,1439,4658.363191832905,9225.727292317133,9316.561034000188,4669.87377499936,9234.122553967027,9324.8943673334,8.333333333333334,8.333333333333334,55957.55317091974,21.187670975999993,21.3587944660012,0.9596108194113978,3809.7280000000005,1351.68,47185.920000000006,12.38564012968905,3,216,5151.361111111111,5374,1532.7407407407406,15.643518518518519,17.34027777777778,0.5555555555555556,0.5555555555555556,1.0,0.38461538461538464,0.6666666666666666,3,2,0,0,0.0011622501162250117,0.0,8.333333333333334,833357.2333333334,6,1
multi,901,ATE-S,S,gpu,6,12,16,96,1,15360.0,12.0,1.0,1440,1439,4882.445596332218,9653.913135896091,9753.0833109995,4894.187225998394,9662.32208432597,9761.416644332712,8.333333333333334,8.333333333333334,58525.45620291451,21.558792992000008,21.797085050000533,0.9480418892110984,4009.4186666666665,1351.68,47185.920000000006,11.768768473168512,3,221,5118.099547511312,5334,1514.0814479638009,14.203619909502262,16.897435897435898,0.7906976744186047,0.7906976744186047,1.0,0.6538461538461539,0.6666666666666666,3,2,0,0,0.00197582519758252,0.0,4.166666666666667,833347.3921568627,6,1
multi,901,ATE-M,M,gpu,6,12,16,96,1,15360.0,12.0,1.0,1440,1439,4780.356832333382,9724.705204807196,9819.671983999797,4791.881271999955,9733.102321547085,9828.005317333009,8.333333333333334,8.333333333333334,58113.22240819143,21.453973888000007,21.86443105499893,0.9580859901951351,3980.597333333333,1351.68,47185.920000000006,11.853979704218597,3,221,5219.384615384615,5811,1595.027149321267,17.529411764705884,19.670437405731526,0.7906976744186047,0.7906976744186047,1.0,0.6538461538461539,0.6666666666666666,3,2,0,0,0.00197582519758252,0.0,4.166666666666667,833347.3921568627,6,1
multi,901,ATE-N,N,gpu,6,12,16,96,1,15360.0,12.0,1.0,1440,1439,4968.381527333804,9814.738939666677,9925.843806000557,4979.975537000428,9823.151212666562,9934.17713933377,8.333333333333334,8.333333333333334,59343.10939959869,21.505665824000005,21.971140876999925,0.9523921715008152,3262.1226666666666,1351.68,47185.920000000006,14.464790206131632,2,222,5312.846846846847,5811,1670.7657657657658,19.39189189189189,22.361861861861865,0.631578947368421,0.631578947368421,1.0,0.46153846153846156,0.3333333333333333,3,1,0,0,0.001394700139470014,0.0,8.333333333333334,833353.25,6,1
multi,901,ATE-X,X,gpu,6,12,16,96,1,15360.0,12.0,1.0,1440,1439,8045.677710333621,15803.342585006738,15960.48902000075,8059.50606999977,15811.785664946618,15968.822353333962,8.333333333333334,8.333333333333334,96201.52901504474,27.85162470399996,28.009062567,0.7279960099885795,4085.5893333333333,1351.68,47185.920000000006,11.549354609632816,3,280,5156.553571428572,5772,1552.7035714285714,13.907142857142857,18.552380952380954,0.8695652173913044,0.8695652173913044,1.0,0.7692307692307693,0.6666666666666666,3,2,0,0,0.0023245002324500234,0.0,4.166666666666667,833345.2833333333,6,1
multi,907,GridStream,gs,gpu,6,12,16,96,1,15360.0,10.0,1.0,1200,1199,3906.828551833314,7753.9418909676715,7837.239423000938,3918.410240999947,7762.340115267543,7845.57275633415,8.333333333333334,8.333333333333334,46918.82598749764,17.746057183999994,17.877878378998503,0.9677832522103408,3239.0656,1351.68,47185.92,14.567756824684254,2,183,5130.273224043716,5254,1511.950819672131,14.289617486338798,16.60928961748634,0.4827586206896552,0.4097222222222222,1.0,0.3181818181818182,0.5,4,2,0,0,0.000977107761027359,0.0,0.0,666782.75,6,4
multi,907,Fixed margin,fixed,gpu,6,12,16,96,1,15360.0,10.0,1.0,1200,1199,3919.8367698327274,7793.605396356306,7871.407670998451,3931.2727429987717,7802.00515604618,7879.741004331663,8.333333333333334,8.333333333333334,46831.09291201031,17.661134240000024,17.91149202000088,0.9626607479435131,3392.2304000000004,1351.68,47185.92,13.90999856613513,2,184,5205.288043478261,5931,1577.6195652173913,17.23913043478261,18.95923913043478,1.0,1.0,1.0,1.0,1.0,4,4,0,0,0.0030709101060859855,0.0,0.0,333479.26666666666,6,4
multi,907,ATE-Q,Q,gpu,6,12,16,96,1,15360.0,10.0,1.0,1200,1199,3885.110073832948,7783.033931666305,7862.188245999278,3896.753508999609,7791.441849666189,7870.52157933249,8.333333333333334,8.333333333333334,46873.448214235344,17.69046044800001,17.902329268001267,0.9599050820115863,3392.2304000000004,1351.68,47185.92,13.90999856613513,2,183,5139.852459016393,5334,1524.7486338797814,16.05464480874317,17.25409836065574,1.0,1.0,1.0,1.0,1.0,4,4,0,0,0.0030709101060859855,0.0,0.0,333479.26666666666,6,4
multi,907,ATE-S,S,gpu,6,12,16,96,1,15360.0,10.0,1.0,1200,1199,4016.435973834632,7989.093842436687,8070.525572000406,4028.050480001184,7997.493624206581,8078.858905333618,8.333333333333334,8.333333333333334,48260.83003718618,17.89857724799998,18.11033282599965,0.9478809553311127,3392.2304000000004,1351.68,47185.92,13.90999856613513,2,186,5104.397849462365,5294,1504.4247311827958,14.456989247311828,16.677419354838708,1.0,1.0,1.0,1.0,1.0,4,4,0,0,0.0030709101060859855,0.0,0.0,333479.26666666666,6,4
multi,907,ATE-M,M,gpu,6,12,16,96,1,15360.0,10.0,1.0,1200,1199,3969.7669618335567,7715.194416037048,7791.337022999869,3981.310361999931,7723.590949406935,7799.670356333081,8.333333333333334,8.333333333333334,47303.89200361585,17.657381568000005,17.829703691999384,0.9578705243206824,3392.2304000000004,1351.68,47185.92,13.90999856613513,2,183,5121.857923497268,5334,1515.863387978142,14.726775956284152,16.84608378870674,1.0,1.0,1.0,1.0,1.0,4,4,0,0,0.0030709101060859855,0.0,0.0,333479.26666666666,6,4
multi,907,ATE-N,N,gpu,6,12,16,96,1,15360.0,10.0,1.0,1200,1199,3887.831541833293,7694.792668525624,7772.126567999294,3899.4037590000517,7703.189846385503,7780.459901332506,8.333333333333334,8.333333333333334,46646.40441456152,17.692836639999996,17.81109175000165,0.9518195589751448,3392.2304000000004,1351.68,47185.92,13.90999856613513,2,183,5115.021857923497,5254,1512.1748633879781,14.524590163934427,16.768670309653917,1.0,1.0,1.0,1.0,1.0,4,4,0,0,0.0030709101060859855,0.0,0.0,333479.26666666666,6,4
multi,907,ATE-X,X,gpu,6,12,16,96,1,15360.0,10.0,1.0,1200,1199,6588.717072834697,13073.254316347484,13205.1109490003,6602.455350001037,13081.696842027377,13213.444282333512,8.333333333333334,8.333333333333334,79135.08126964075,23.104939935999937,23.250232398999287,0.7286540461596553,3392.2304000000004,1351.68,47185.92,13.90999856613513,2,234,5093.8376068376065,5254,1502.7435897435898,13.341880341880342,16.843304843304843,1.0,1.0,1.0,1.0,1.0,4,4,0,0,0.0030709101060859855,0.0,0.0,333479.26666666666,6,4
multi,971,GridStream,gs,gpu,6,12,16,96,1,20000.0,0.23405,1.0,28,28,110.47310850062786,204.3594960709015,206.0594320009841,122.35350700029812,213.2904566599973,215.10943199973553,8.333333333333334,6.4,1325.4505208673695,0.44574636799995915,0.4589096050003718,0.9617190755312252,1347.5411236915188,1347.5411236915188,61440.0,45.59415584415584,0,18,4549.0,5063,1069.8333333333333,5.277777777777778,5.296296296296297,0.0,0.0,0.0,0.0,0.0,3,0,0,0,0.0,0.0,,1000000.0,6,3
multi,971,Fixed margin,fixed,gpu,6,12,16,96,1,20000.0,0.23405,1.0,28,28,110.86927950054815,197.49655266203263,199.030596002558,122.56669700036582,206.4213690811448,208.08059600130946,8.333333333333334,6.4,1301.0899358682113,0.4385050880000563,0.4511838849994092,0.9630698958606855,32922.606280709246,1347.5411236915188,61440.0,1.866194901951013,1,18,4499.277777777777,4904,1025.7222222222222,4.277777777777778,5.462962962962964,0.8695652173913043,0.8518518518518517,0.8333333333333334,0.9090909090909091,1.0,3,3,0,0,0.08794466403162055,0.0,2.777777777777778,500002.9472222223,6,3
multi,971,ATE-Q,Q,gpu,6,12,16,96,1,20000.0,0.23405,1.0,28,28,103.39633550120197,190.17781003158234,191.78447500235052,115.02699900120206,199.1053161407035,200.83447500110196,8.333333333333334,6.4,1239.8248727232774,0.43182956800001193,0.4442873400003009,0.9608395476787984,32509.976500747704,1347.5411236915188,61440.0,1.8898814029775424,1,18,4498.111111111111,4904,1021.5555555555555,4.666666666666667,4.351851851851852,0.9523809523809523,0.9333333333333332,1.0,0.9090909090909091,1.0,3,3,0,0,0.07312252964426878,0.0,2.777777777777778,500003.75,6,3
multi,971,ATE-S,S,gpu,6,12,16,96,1,20000.0,0.23405,1.0,28,28,104.86045550078416,195.97073009103042,197.64079700144066,116.61568300041836,204.90058442013833,206.6907970001921,8.333333333333334,6.4,1266.1846204329256,0.43781350399990515,0.4511733239996829,0.9505994592279969,32509.976500747704,1347.5411236915188,61440.0,1.8898814029775424,1,18,4508.555555555556,4904,1034.888888888889,4.5,5.416666666666667,0.9523809523809523,0.9333333333333332,1.0,0.9090909090909091,1.0,3,3,0,0,0.07312252964426878,0.0,2.777777777777778,500003.75,6,3
multi,971,ATE-M,M,gpu,6,12,16,96,1,20000.0,0.23405,1.0,28,28,105.77272099999391,201.2570787003824,202.81524600068224,117.56473300010839,210.18278859948623,211.86524599943368,8.333333333333334,6.4,1293.1094237119396,0.44071065599996473,0.4550590970011399,0.9584817292425356,32509.976500747704,1347.5411236915188,61440.0,1.8898814029775424,1,18,4535.722222222223,4984,1061.388888888889,5.611111111111111,6.592592592592593,0.9523809523809523,0.9333333333333332,1.0,0.9090909090909091,1.0,3,3,0,0,0.07312252964426878,0.0,2.777777777777778,500003.75,6,3
multi,971,ATE-N,N,gpu,6,12,16,96,1,20000.0,0.23405,1.0,28,28,105.10011099904659,193.3834492398455,194.97425900044618,116.83405799885804,202.31036811896047,204.02425899919763,8.333333333333334,6.4,1260.3130379907918,0.43549836800002595,0.4472632950000843,0.9543157308340674,32509.976500747704,1347.5411236915188,61440.0,1.8898814029775424,1,18,4495.222222222223,4944,1030.2222222222222,5.333333333333333,4.953703703703704,0.9,0.8857142857142857,1.0,0.8181818181818182,1.0,3,3,0,0,0.06587615283267458,0.0,5.555555555555556,500004.06944444444,6,3
multi,971,ATE-X,X,gpu,6,12,16,96,1,20000.0,0.23405,1.0,28,28,156.5305995009112,302.02418132075763,304.8496730007173,170.7035260005796,310.99682915984886,313.89967299946875,8.333333333333334,6.4,1870.00650729403,0.5491334400001051,0.5635228229984932,0.751657891646385,32647.519760734885,1347.5411236915188,61440.0,1.8819193755077768,1,19,4555.105263157895,4944,1064.157894736842,5.684210526315789,6.535087719298246,0.7692307692307692,0.7666666666666666,0.6666666666666666,0.9090909090909091,1.0,3,3,0,0,0.1103425559947299,0.0,2.777777777777778,500002.3305555556,6,3
