method,variant,scope,micro_f1,macro_f1,precision,recall,event_recall,n_event_windows,n_caught,false_alarm_runs,false_alarm_runs_quiet,duty_cycle,duty_cycle_quiet,latency_ms,bandwidth_reduction,n_channels,n_channels_with_events
Fixed margin,baseline,all 7 records,0.3711469909834347,0.7751893684311775,0.22975077881619937,0.965103598691385,0.9534883720930233,43,41,5,2,0.17447163402466687,0.0022531347962382446,1.3301282051282053,357175.31170954247,42,26
Fixed margin,baseline,record 677 only,0.08704592186429061,0.2744021938994995,0.04588150289017341,0.8466666666666667,1.0,11,11,4,2,0.27438233802856266,0.018025078369905956,5.520833333333333,166688.7955075409,6,4
Fixed margin,+dead-release only,all 7 records,0.3712248322147651,0.7803175735593826,0.2298104388470527,0.965103598691385,0.9534883720930233,43,41,5,2,0.17338938294241577,0.0022531347962382446,1.3301282051282053,357175.3990111298,42,26
Fixed margin,+dead-release only,record 677 only,0.08704592186429061,0.2744021938994995,0.04588150289017341,0.8466666666666667,1.0,11,11,4,2,0.27438233802856266,0.018025078369905956,5.520833333333333,166688.7955075409,6,4
Fixed margin,+latch-timeout only,all 7 records,0.521047983514866,0.7807623370112873,0.35685483870967744,0.965103598691385,0.9534883720930233,43,41,5,2,0.15493872213173873,0.0022531347962382446,1.3301282051282053,357175.3782701596,42,26
Fixed margin,+latch-timeout only,record 677 only,0.16429495472186287,0.31062648967021234,0.09097421203438395,0.8466666666666667,1.0,11,11,4,2,0.1376519547780659,0.018025078369905956,5.520833333333333,166689.26143186024,6,4
Fixed margin,+both (recommendation 1),all 7 records,0.5212014134275619,0.7858905421394924,0.35699878983461075,0.965103598691385,0.9534883720930233,43,41,5,2,0.15385647104948766,0.0022531347962382446,1.3301282051282053,357175.46557174687,42,26
Fixed margin,+both (recommendation 1),record 677 only,0.16429495472186287,0.31062648967021234,0.09097421203438395,0.8466666666666667,1.0,11,11,4,2,0.1376519547780659,0.018025078369905956,5.520833333333333,166689.26143186024,6,4
ATE-Q,baseline,all 7 records,0.3725795682172268,0.750720493695638,0.23406040268456377,0.9127589967284624,0.9069767441860465,43,39,2,1,0.1564031387143596,0.00022857889237199583,2.4942129629629632,381006.6830617172,42,26
ATE-Q,baseline,record 677 only,0.07266187050359713,0.21882993318794952,0.038403041825095054,0.6733333333333333,0.9090909090909091,11,10,2,1,0.2620018692200332,0.0018286311389759666,10.694444444444445,166831.49302478702,6,4
ATE-Q,+dead-release only,all 7 records,0.3725795682172268,0.750720493695638,0.23406040268456377,0.9127589967284624,0.9069767441860465,43,39,2,1,0.1564031387143596,0.00022857889237199583,2.4942129629629632,381006.6830617172,42,26
ATE-Q,+dead-release only,record 677 only,0.07266187050359713,0.21882993318794952,0.038403041825095054,0.6733333333333333,0.9090909090909091,11,10,2,1,0.2620018692200332,0.0018286311389759666,10.694444444444445,166831.49302478702,6,4
ATE-Q,+latch-timeout only,all 7 records,0.5363665491829541,0.7553305048178509,0.3797640653357532,0.9127589967284624,0.9069767441860465,43,39,2,1,0.13687022682143152,0.00022857889237199583,2.4942129629629632,381006.75167249155,42,26
ATE-Q,+latch-timeout only,record 677 only,0.1434659090909091,0.24879500548233346,0.08028616852146264,0.6733333333333333,0.9090909090909091,11,10,2,1,0.12527148596953644,0.0018286311389759666,10.694444444444445,166831.97330020784,6,4
ATE-Q,+both (recommendation 1),all 7 records,0.5363665491829541,0.7553305048178509,0.3797640653357532,0.9127589967284624,0.9069767441860465,43,39,2,1,0.13687022682143152,0.00022857889237199583,2.4942129629629632,381006.75167249155,42,26
ATE-Q,+both (recommendation 1),record 677 only,0.1434659090909091,0.24879500548233346,0.08028616852146264,0.6733333333333333,0.9090909090909091,11,10,2,1,0.12527148596953644,0.0018286311389759666,10.694444444444445,166831.97330020784,6,4
ATE-S,baseline,all 7 records,0.3792344918609767,0.8078771827539387,0.237531000275558,0.9400218102508179,0.9534883720930233,43,41,4,1,0.15844133834399307,0.0004245036572622779,1.7147435897435899,357180.7304914067,42,26
ATE-S,baseline,record 677 only,0.07826396300249022,0.2809935915248565,0.04133784291619692,0.7333333333333333,1.0,11,11,4,1,0.2647719308623491,0.0033960292580982234,8.020833333333334,166718.6257328934,6,4
ATE-S,+dead-release only,all 7 records,0.3792344918609767,0.8078771827539387,0.237531000275558,0.9400218102508179,0.9534883720930233,43,41,4,1,0.15844133834399307,0.0004245036572622779,1.7147435897435899,357180.7304914067,42,26
ATE-S,+dead-release only,record 677 only,0.07826396300249022,0.2809935915248565,0.04133784291619692,0.7333333333333333,1.0,11,11,4,1,0.2647719308623491,0.0033960292580982234,8.020833333333334,166718.6257328934,6,4
ATE-S,+latch-timeout only,all 7 records,0.5431632010081916,0.8128126158783555,0.3819229065130704,0.9400218102508179,0.9534883720930233,43,41,4,1,0.13890842645106496,0.0004245036572622779,1.7147435897435899,357180.7986131714,42,26
ATE-S,+latch-timeout only,record 677 only,0.15288394718554552,0.3130739068335655,0.08533747090768037,0.7333333333333333,1.0,11,11,4,1,0.12804154761185235,0.0033960292580982234,8.020833333333334,166719.10258524667,6,4
ATE-S,+both (recommendation 1),all 7 records,0.5431632010081916,0.8128126158783555,0.3819229065130704,0.9400218102508179,0.9534883720930233,43,41,4,1,0.13890842645106496,0.0004245036572622779,1.7147435897435899,357180.7986131714,42,26
ATE-S,+both (recommendation 1),record 677 only,0.15288394718554552,0.3130739068335655,0.08533747090768037,0.7333333333333333,1.0,11,11,4,1,0.12804154761185235,0.0033960292580982234,8.020833333333334,166719.10258524667,6,4
ATE-M,baseline,all 7 records,0.38065798189445793,0.7623655146483073,0.23864894795127353,0.9400218102508179,0.9069767441860465,43,39,2,1,0.1562055637144472,0.0004245036572622779,1.9039351851851851,381002.2786865205,42,26
ATE-M,baseline,record 677 only,0.08487874465049929,0.22526421846058547,0.04483798040693293,0.7933333333333333,0.9090909090909091,11,10,2,1,0.2643036946903456,0.0033960292580982234,7.361111111111111,166810.45711023425,6,4
ATE-M,+dead-release only,all 7 records,0.38065798189445793,0.7623655146483073,0.23864894795127353,0.9400218102508179,0.9069767441860465,43,39,2,1,0.1562055637144472,0.0004245036572622779,1.9039351851851851,381002.2786865205,42,26
ATE-M,+dead-release only,record 677 only,0.08487874465049929,0.22526421846058547,0.04483798040693293,0.7933333333333333,0.9090909090909091,11,10,2,1,0.2643036946903456,0.0033960292580982234,7.361111111111111,166810.45711023425,6,4
ATE-M,+latch-timeout only,all 7 records,0.5460880582831803,0.7679260677366931,0.3848214285714286,0.9400218102508179,0.9069767441860465,43,39,2,1,0.13667265182151905,0.0004245036572622779,1.9039351851851851,381002.34586226667,42,26
ATE-M,+latch-timeout only,record 677 only,0.16620111731843576,0.26140781353509296,0.09282371294851795,0.7933333333333333,0.9090909090909091,11,10,2,1,0.12757331143984887,0.0033960292580982234,7.361111111111111,166810.92734045727,6,4
ATE-M,+both (recommendation 1),all 7 records,0.5460880582831803,0.7679260677366931,0.3848214285714286,0.9400218102508179,0.9069767441860465,43,39,2,1,0.13667265182151905,0.0004245036572622779,1.9039351851851851,381002.34586226667,42,26
ATE-M,+both (recommendation 1),record 677 only,0.16620111731843576,0.26140781353509296,0.09282371294851795,0.7933333333333333,0.9090909090909091,11,10,2,1,0.12757331143984887,0.0033960292580982234,7.361111111111111,166810.92734045727,6,4
ATE-N,baseline,all 7 records,0.35307465395960974,0.6725204720938753,0.22292263610315186,0.8484187568157033,0.813953488372093,43,35,1,1,0.14511521432110588,0.00013061650992685477,4.8731884057971016,428619.02372940734,42,26
ATE-N,baseline,record 677 only,0.06093579978237215,0.10024085955145265,0.03222094361334868,0.56,0.9090909090909091,11,10,1,1,0.2597634081765839,0.0010449320794148381,20.694444444444446,333459.3182270064,6,4
ATE-N,+dead-release only,all 7 records,0.35307465395960974,0.6725204720938753,0.22292263610315186,0.8484187568157033,0.813953488372093,43,35,1,1,0.14511521432110588,0.00013061650992685477,4.8731884057971016,428619.02372940734,42,26
ATE-N,+dead-release only,record 677 only,0.06093579978237215,0.10024085955145265,0.03222094361334868,0.56,0.9090909090909091,11,10,1,1,0.2597634081765839,0.0010449320794148381,20.694444444444446,333459.3182270064,6,4
ATE-N,+latch-timeout only,all 7 records,0.5126853377265239,0.6770753848261754,0.36732766761095376,0.8484187568157033,0.813953488372093,43,35,1,1,0.12558230242817775,0.00013061650992685477,4.8731884057971016,428619.09242275456,42,26
ATE-N,+latch-timeout only,record 677 only,0.12129963898916968,0.12984779231140356,0.0680161943319838,0.56,0.9090909090909091,11,10,1,1,0.12303302492608713,0.0010449320794148381,20.694444444444446,333459.7990804369,6,4
ATE-N,+both (recommendation 1),all 7 records,0.5126853377265239,0.6770753848261754,0.36732766761095376,0.8484187568157033,0.813953488372093,43,35,1,1,0.12558230242817775,0.00013061650992685477,4.8731884057971016,428619.09242275456,42,26
ATE-N,+both (recommendation 1),record 677 only,0.12129963898916968,0.12984779231140356,0.0680161943319838,0.56,0.9090909090909091,11,10,1,1,0.12303302492608713,0.0010449320794148381,20.694444444444446,333459.7990804369,6,4
ATE-X,baseline,all 7 records,0.3823915900131406,0.7984675394468309,0.23924362839134009,0.9520174482006543,0.9534883720930233,43,41,5,2,0.16061336121313752,0.0004898119122257053,1.4903846153846154,357179.49007703806,42,26
ATE-X,baseline,record 677 only,0.08606701940035275,0.27692190490120794,0.04543761638733706,0.8133333333333334,1.0,11,11,5,2,0.2670737563326615,0.003918495297805642,5.520833333333333,166713.1202480881,6,4
ATE-X,+dead-release only,all 7 records,0.3826429980276134,0.8100060009852925,0.2394404827207899,0.9520174482006543,0.9534883720930233,43,41,5,2,0.15736660796638427,0.0004898119122257053,1.4903846153846154,357179.6472198952,42,26
ATE-X,+dead-release only,record 677 only,0.08606701940035275,0.27692190490120794,0.04543761638733706,0.8133333333333334,1.0,11,11,5,2,0.2670737563326615,0.003918495297805642,5.520833333333333,166713.1202480881,6,4
ATE-X,+latch-timeout only,all 7 records,0.5466499686912962,0.8039977174076312,0.383399209486166,0.9520174482006543,0.9534883720930233,43,41,5,2,0.1410804493202094,0.0004898119122257053,1.4903846153846154,357179.5567951367,42,26
ATE-X,+latch-timeout only,record 677 only,0.16678058783321942,0.31286806164641023,0.09291698400609291,0.8133333333333334,1.0,11,11,5,2,0.1303433730821648,0.003918495297805642,5.520833333333333,166713.58727477863,6,4
ATE-X,+both (recommendation 1),all 7 records,0.5471638984644313,0.8155361789460928,0.3839050131926121,0.9520174482006543,0.9534883720930233,43,41,5,2,0.13783369607345616,0.0004898119122257053,1.4903846153846154,357179.7139379938,42,26
ATE-X,+both (recommendation 1),record 677 only,0.16678058783321942,0.31286806164641023,0.09291698400609291,0.8133333333333334,1.0,11,11,5,2,0.1303433730821648,0.003918495297805642,5.520833333333333,166713.58727477863,6,4
